,Month,Company/Brand,Founded,Headquarters,Sector,Investor/s,Amount ($),Stage
0,December,CollegeDekho,2015.0,Gurgaon,E-learning,"Disrupt ADQ, QIC",35000000,Series B
1,December,BOX8,2012.0,Mumbai,Food & Beverages,Tiger Global,40000000,Pre-series B
2,December,Simpl,2015.0,Bangalore,Consumer Services,"Valar Ventures, IA Ventures",40000000,Series B
3,December,8i Ventures,2018.0,Mumbai,Venture Capital & Private Equity,,50000000,Pre-series B
4,December,PayGlocal,2021.0,Bangalore,Financial Services,Sequoia Capital India,4900000,Series A
5,December,Curefit,2016.0,Bangalore,"Health, Wellness & Fitness",Zomato,145000000,Pre-series B
6,December,Pocket FM,2018.0,Bangalore,OTT,"Lightspeed, Times Group, Tanglin Venture Partners",22000000,Series B
7,December,CHARGE+ZONE,2018.0,Vadodara,Automotive,Venture Catalysts,10000000,Pre-series B
8,December,PlanetSpark,2017.0,Gurugram,Education Management,"Binny Bansal, Deep Kalra, Dr Ashish Gupta, Gokul Rajaram, Shirish Nadkarni",13000000,Series B
9,December,LenDenClub,2015.0,Mumbai,Financial Services,"Tuscan Ventures, Ohm Stock Brokers, Artha Venture Fund",10000000,Series A
10,December,CometChat,2009.0,Mumbai,Computer Software,Signal Peak Ventures,10000000,Series A
11,December,AgroStar,2013.0,Pune,AgriTech,"Evolvence, Hero Enterprise",70000000,Series C
12,December,Bizongo,2015.0,Mumbai,Information Technology & Services,Tiger Global,100000000,Series C
13,December,Probus Insurance,2002.0,Mumbai,Insurance,BlueOrchard Impact Investment Managers,6700000,Pre-series B
14,December,MoEngage,2014.0,Bangalore,Software Startup,Steadview Capital,30000000,Series C
15,December,CloudSEK,2015.0,Bangalore,Computer & Network Security,MassMutual Ventures,7000000,Series A
16,December,Exponent Energy,2020.0,Bangalore,Automotive,YourNest VC,5000000,Pre-series A
17,December,Trinkerr,2021.0,Bangalore,Capital Markets,Accel India,6600000,Series A
18,December,Zorro,2021.0,Gurugram,Social network,"Vijay Shekhar Sharma, Ritesh Agarwal, Ankiti Bose",32000000,Seed
19,December,Ultraviolette,2021.0,Bangalore,Automotive,"TVS Motor, Zoho",150000000,Series C
20,December,NephroPlus,2009.0,Hyderabad,Hospital & Health Care,IIFL Asset Management,24000000,Series C
21,December,Unremot,2020.0,Bangalore,Information Technology & Services,Inflection Point Ventures,700000,Seed
22,December,FanAnywhere,2021.0,Bangalore,Financial Services,"Oasis Capital, Scorpio VC, DeltaHub Capital",Undisclosed,Seed
23,December,PingoLearn,2021.0,Pune,E-learning,"Titan Capital, Haresh Chawla, AngelList Syndicate",200000,Pre-series B
24,December,Spry,2021.0,Mumbai,Music,"9Unicorns, Ashneer Grover",1500000,Seed
25,December,Enmovil,2015.0,Hyderabad,Information Technology & Services,Anicut Angel Fund,1300000,Pre-series A
26,December,ASQI Advisors,2019.0,Mumbai,Financial Services,Founders Room Capital,1000000,Pre-series A
27,December,Insurance Samadhan,2018.0,New Delhi,Insurance,"9Unicorns, ZNL",725000,Pre-series A
28,December,Evenflow Brands,2020.0,Mumbai,Consumer Goods,,500000,Pre-series B
29,December,MasterChow,2020.0,Food & Beverages,Hauz Khas,WEH Ventures,461000,Seed
30,December,Fullife Healthcare,2009.0,Pharmaceuticals #REF!,Primary Business is Development and Manufacturing of Novel Healthcare Products in Effervescent forms using imported propriety ingredients.,,22000000,Series C
45,December,MoEVing,2021.0,Gurugram #REF!,MoEVing is India's only Electric Mobility focused Technology Platform with a vision to accelerate EV adoption in India.,,5000000,Seed
46,December,Pristyn Care,2018.0,Gurugram,Hospital & Health Care,"Kunal Shah, Deepinder Goyal, Abhiraj Singh Bhal",96000000,Series C
47,December,Plix,2018.0,Mumbai,"Health, Wellness & Fitness","Guild Capital, RPSG Capital Ventures",5000000,Series A
48,December,Uni Cards,2020.0,Bangalore,Financial Services,"General Catalyst, Eight Roads Ventures, Elevation Capital",70000000,Series A
49,December,Practically,2018.0,Hyderabad,E-learning,"NB Ventures, Earlsfield Capital",5000000,Pre-series B
50,December,Nestasia,2018.0,Kolkata,Retail,"Varun Alagh, Sahil Barua",4000000,Series A
51,December,Vedic Cosmeceuticals,2002.0,Noida,Cosmetics,Sixth Sense Ventures,32000000,Series A
52,December,Juspay,2012.0,Bangalore,FinTech,SoftBank Vision Fund 2,60000000,Series C
53,December,TranZact,2017.0,Mumbai,Information Technology & Services,"Tribe Capital, Prime Venture Partners",7000000,Series A
54,December,Atomberg,2012.0,Mumbai,Consumer Electronics,Jungle Ventures,20000000,Pre-series B
55,December,Ola,2010.0,Bangalore,Mobility,Marquee international institutional investors,500000000,Pre-series B
56,December,Mohalla Tech,2015.0,Bangalore,Social media,Alkeon Capital,266000000,Series C
57,December,Stack,2020.0,Bangalore,Financial Services,"Y Combinator, Harvard Management",4500000,Seed
58,December,PropReturns,2020.0,Mumbai,Real Estate,"Y Combinator﻿, ﻿Goodwater Capital",1200000,Pre-series B
59,December,WeSkill,2020.0,Gurugram,E-learning,"Shrishti Sahu, Umang Vohra",4000000,Pre-seed
60,December,Fitpage,2020.0,Mumbai,"Health, Wellness & Fitness","Astra Ventures, Gaurav Jaitly",300000,Pre-series B
61,December,ShopMyLooks,2021.0,Noida,Digital platform,"Capital A, Collective Artists Network",200000,Pre-series B
62,December,ByteLearn,2021.0,Noida,E-learning,"Aditya Singhal, Nishant Sinha",9500000,Seed
63,December,Dista,2017.0,Pune,Computer Software,Pentathlon Ventures,1200000,Seed
64,December,OfBusiness,2015.0,Gurugram,Financial Services,"Alpha Wave Ventures II, Tiger Global Management, SoftBank Vision Fund II",325000000,Pre-series B
66,December,FRND,2019.0,Bangalore,Online Media,KRAFTON,6500000,Series A
67,December,Metadome,2017.0,Bangalore,Computer Software,"Chiratae Ventures, Lenskart Vision Fund",4000000,Pre-series A
68,December,Keka HR,2014.0,Hyderabad,Information Technology & Services,Recur Club,1600000,Pre-series B
69,December,Flo Mobility,2019.0,Bangalore,Industrial Automation,"DevX Venture Fund, Blume Founder Fund",400000,Pre-series B
70,December,Yodacart,2019.0,Thane,E-commerce,Ajith Daneil,225000,Pre-seed
71,December,TheHouseMonk,2019.0,Bangalore,Real Estate,Aurum Proptech,5000000,Pre-series B
72,December,Zepto,2021.0,Bangalore,E-commerce,Y-Combinator,100000000,Pre-series B
74,December,Jumbotail,2015.0,Bangalore,B2B Ecommerce,Invus,85000000,Series C
75,December,Captain Fresh,2019.0,Bangalore,Logistics & Supply Chain,"Tiger Global, Prosus Ventures",40000000,Series B
76,December,Deciwood,2018.0,New Delhi,Consumer Electronics,"Shuru Up, Ankit Kedia, Arun Gupta",200000,Pre-series B
79,December,Unbox Robotics,2019.0,Pune,Logistics & Supply Chain,"3one4 Capital, Sixth Sense Ventures",7000000,Series A
80,December,Ninety One,2015.0,Ahmedabad,Consumer Goods,A91 Partners,30000000,Series A
81,December,Gobillion,2020.0,New Delhi,Social commerce,"YCombinator, Justin Mateen, Pioneer Fund",2900000,Seed
82,December,RIPPLR,2019.0,Bangalore,Logistics & Supply Chain,"Sojitz Corporation, Stride Ventures",12000000,Pre-series B
83,December,SK Finance,1994.0,Jaipur,Financial Services,"IIFL Wealth, TPG Growth, Norwest Venture Partners",53000000,Series C
84,December,Eggoz,2017.0,Gurugram,Food & Beverages,"Nabventures, Avaana Capital",3500000,Series A
85,December,Fabriclore,2016.0,Jaipur,Apparel & Fashion,"Fluid Ventures, Mulberry Silks",700000,Pre-series A
86,December,Veefin,2010.0,Mumbai,Information Technology & Services,Rajesh Rajendran,3000000,Pre-series B
87,December,Verandah,2011.0,Mumbai,Apparel & Fashion,"Mike Novogratz, Neeraj Arora",1000000,Seed
89,December,OWO Technologies,2020.0,Gurugram,Food & Beverages,,3000000,Seed
91,December,The Gourmet Jar,2012.0,Noida,Food & Beverages,DevX Venture Fund,150000,Pre-series B
94,December,Neobank Jupiter,2019.0,Mumbai,Banking,"Tiger Global, Sequoia Capital",86000000,Series C
95,December,Skippi Ice Pops,2021.0,Hyderabad,Food Production,Shark Tank India,130000,Pre-series B
96,December,Glii,2020.0,Noida,Dating,We Founder Circle,10000,Seed
97,December,GlobalBees,2021.0,New Delhi,E-commerce,"Premji Invest, Steadview Capital",111000000,Series B
98,December,Mamaearth,2016.0,Gurugram,"Health, Wellness & Fitness",Sequoia,37000000,Pre-series B
99,December,SecureNow,2011.0,Gurugram,Insurance,Apis Insurtech Fund I,6000000,Series B
100,December,Vendor Infra,2019.0,Gurugram,Construction,"SK Tripathi, Sanjeev Gupta",265000,Pre-series B
101,December,Hakuna Matata,2006.0,Chennai,Information Technology & Services,Hardcastle Petrofer,1000000,Pre-series B
102,December,OneCard,2019.0,Pune,Financial Services,"Ocean View Investment, QED Fund",76000000,Pre-series B
104,November,Fi,2019.0,Bangalore,Financial Services,"Capital Group, Falcon Edge",50000000,Series B
105,November,Kiko Live,2020.0,Gurugram,Commerce,"Dinesh Agarwal, Amarjit Batra",1000000,Pre-series A
107,November,The Hosteller,2015.0,Mumbai,Hospitality,"SUNiCON Ventures, Shubhkam Ventures, Jito Angel network, FAAD Network",1000000,Pre-series A
109,November,Ruptok Fintech,2020.0,New Delhi,Financial Services,Manuvel Malabar Jewellers,2000000,Pre-series A
110,November,VilCart,2017.0,Bangalore,Retail,Nabventures,2000000,Pre-series B
111,November,Dogsee Chew,2015.0,Bangalore,Food & Beverages,Sixth Sense Ventures,7000000,Pre-series A
112,November,Advantage Club,2014.0,Gurugram,HR Tech,"Y Combinator, Jetty Ventures, Earlsfield Capital, SMC Advisors, Kunal Shah",3300000,Pre-series A
113,November,TRDR,2020.0,Bangalore,Financial Services,"Kunal Shah, Snehal Fulzele",150000,Pre-series B
114,November,Zoomcar,2012.0,Bangalore,Mobility,SternAegis Ventures,92000000,Pre-series B
115,November,Leap India,2013.0,Mumbai,Logistics & Supply Chain,CDC Group,10000000,Pre-series B
116,November,SuperBottoms,2015.0,Mumbai,Consumer Goods,Alteria Capital,400000,Pre-series B
117,November,Cora Health,2020.0,Bangalore,"Health, Wellness & Fitness",Indian Angel Network,600000,Seed
118,November,Battery Smart,2019.0,New Delhi,Renewables & Environment,"Blume Ventures, Orios Ventures",7000000,Pre-series A
119,November,The Good Glamm Group,2021.0,Pune,Information Technology & Services,"Warburg Pincus﻿, Prosus Ventures",150000000,Series C
120,November,Mosaic Wellness,2019.0,Mumbai,"Health, Wellness & Fitness",Sequoia,24000000,Series A
121,November,CloudFiles,2020.0,Bangalore,SaaS startup,Titan Capital,300000,Pre-seed
122,November,The Viral Fever,2012.0,Mumbai,Entertainment,BlackSoil,2000000,Pre-series B
123,November,Xpand,2021.0,New Delhi,Retail,"Akash Prakash, Madhu Jayakumar, Dipinder Sandhu, Shagun Khandelwal",1500000,Pre-series A
124,November,Troo Good,2018.0,Hyderabad,E-commerce,OAKS Asset Management,7000000,Series A
125,November,Prodo,2021.0,New Delhi,Business Supplies & Equipment,"Titan Capital, LetsVenture",300000,Pre-seed
126,November,Unnati,2019.0,Noida,FinTech,"Incofin, NabVentures, Orios",7000000,Series A
127,November,Lysto,2021.0,Bangalore,NFT,BEENEXT,3000000,Seed
128,November,Wakefit,2014.0,Bangalore,Furniture,SIG,20000000,Series C
129,November,Buyofuel,2020.0,Coimbatore,Oil & Energy,Inflection Point Ventures,100000,Seed
130,November,ElectricPe,2021.0,Bangalore,EV,"Blume Ventures, Micelio Fund",3000000,Seed
131,November,Vayana Network,2017.0,Pune,Financial Services,"CDC Group, Jungle Ventures, March Capital, Marshall Wace",30000000,Series C
132,November,Valuationary,2020.0,Surat,E-learning,"Ashish Jain, Ajay Surana",100000,Pre-seed
133,November,Knocksense,2016.0,Lucknow,Online Media,"We Founder Circle, Appyhigh, Mumbai Angels",150000,Pre-series B
134,November,Petpooja,2011.0,Ahmedabad,Information Technology & Services,"Aroa Ventures, GVFL, Udaan",4500000,Pre-series B
135,November,Wingreens Farms,2011.0,Gurugram,Food & Beverages,"Investcorp, Omidyar Network",17000000,Pre-series B
136,November,Doola,2020.0,New York,Company-as-a-Service,Nexus Venture Partners,3000000,Pre-series B
138,November,Bombay Hemp Company,2013.0,Mumbai,Textiles,"Riteesh Mohan Bakshi, Raghav Mohan Bakshi, Achin Kochar",2000000,Pre-series B
140,November,GuardianLink,2017.0,Chennai,Information Technology & Services,Kalaari Capital,12000000,Series A
141,November,Clinikk,2016.0,Bangalore,Hospital & Health Care,MassMutual Ventures,4000000,Pre-series A
142,November,Toplyne,2021.0,Bangalore,Computer Software,"Sequoia Capital , Together Fund",2500000,Pre-series B
143,November,Mensa,2021.0,Bangalore,D2C,"Alpha Wave Ventures, Falcon Edge Capital",135000000,Series B
144,November,GENLEAP,2021.0,Haryana,Professional Training & Coaching,"Vivek Vaidya, Kevin Donlon, Ayush Singh",8000000,Seed
145,November,Planys,2015.0,Chennai,Maritime,"Kieretsu Forum, Lets Venture, Shell",1600000,Pre-series A
146,November,Wonderchef,2009.0,Mumbai,Consumer Goods,"Sixth Sense Ventures, Godrej Family office, Malpani Group",20000000,Pre-series B
147,November,GoKwik,2020.0,New Delhi,Information Technology & Services,Sequoia Capital India,15000000,Series A
148,November,Velocity,2020.0,Bangalore,Financial Services,Valar Ventures,20000000,Series A
149,November,SalaryBox,2020.0,Gurugram,Financial Services,"Y-Combinator, AME Cloud Ventures, Gokul Rajaram",4000000,Seed
150,November,Boingg,2019.0,Gurugram,Furniture,Inflection Point Ventures,200000,Seed
151,November,Better Capital,2006.0,Santra,Venture Capital & Private Equity,,15000000,Pre-series B
152,November,Tickertape,2019.0,Bangalore,Financial Services,Smallcase,5000000,Pre-series B
154,November,Disprz,2015.0,Mumbai,E-learning,"Dallas Venture Capital, Mars Growth Capital",13000000,Series B
156,November,Inzpira,2021.0,Trivandrum,E-learning,"Raj Nair, Gopinath Latpate",300000,Seed
157,November,Defy,2021.0,Bangalore,Financial Services,"Y Combinator, Goat VC, JAM Fund, Goodwater Capital",5500000,Pre-series B
158,November,Mindhouse,2019.0,Gurugram,"Health, Wellness & Fitness","Binny Bansal, General Catalyst",6000000,Seed
159,November,Homversity,2017.0,Ahmedabad,Housing Marketplace,,155000,Pre-series B
160,November,Toppersnotes,2015.0,Jaipur,Education Management,Inflection Point Ventures,1000000,Seed
161,November,NoBroker.com,2014.0,Bangalore,Real Estate,"General Atlantic, Tiger Global, Moore Strategic Ventures",2100000,Series C
162,November,Haber,2017.0,Pune,Industrial Automation,Ascent Capital,20000000,Series B
163,November,True Balance,2014.0,Gurugram,Financial Services,"Northern Arc, Arthmate, Shine Star, E clear, Hinduja",30000000,Pre-series B
164,November,Recordent,2018.0,Hyderabad,Financial Services,"Family Office of Kantamaneni, IIM Calcutta Innovation Park",400000,Pre-series B
165,November,Koparo,2020.0,New Delhi,Consumer Goods,"Saama Capital﻿, ﻿Titan Capital﻿, DSG Consumer Partners",700000,Seed
166,November,Indifi,2015.0,Gurugram,Financial Services,"Omidyar Network, Flourish Ventures, Elevar Equity, Accel",40000000,Pre-series B
167,November,Settl,2020.0,Bangalore,Real Estate,"ah! Ventures, We Founder Circle",500000,Seed
168,November,Park+,2019.0,New Delhi,Tech startup,"Sequoia Capital, Matrix Partners",25000000,Series B
169,November,Simple Energy,2019.0,Bangalore,Automotive,,21000000,Pre-series B
170,November,Dream Sports,2008.0,Mumbai,Sports,"Falcon Edge, DST Global, D1 Capital, Redbird Capital, Tiger Global",840000000,Pre-series B
171,November,Spinny,2015.0,Gurugram,Automotive,"Abu Dhabi Growth Fund, Tiger Global",248000000,Series C
172,November,Rentomojo,2014.0,Bangalore,Furniture Rental,"Accel, Bain Capital",10000000,Pre-series B
173,November,Slice,2015.0,Bangalore,Financial Services,"Tiger Global, Insight Partners",220000000,Series B
174,November,21K School,2020.0,Bangalore,E-learning,Ronnie Screwvala,5000000,Pre-series A
176,October,Loop Health,2018.0,Pune,Hospital & Health Care,"Elevation, General Catalyst",12000000,Pre-series B
177,October,Rupifi,2020.0,Bangalore,Financial Services,Alteria Capital,1000000,Series B
178,October,RENEE Cosmetics,2019.0,Ahmedabad,Cosmetics,"Equanimity Ventures, 9Unicorns",1500000,Pre-series A
179,October,Svish,2020.0,Gurugram,Consumer Goods,Nueva,400000,Seed
180,October,Progcap,2016.0,New Delhi,FinTech,Tiger Global,30000000,Series C
181,October,Smartstaff,2020.0,Bangalore,Recruitment,"Blume Ventures, Nexus Venture Partners",4300000,Pre-series B
184,October,Mobileware Technologies,2008.0,Mumbai,Information Technology & Services,Kvanto Payment Services,4700000,Pre-series B
185,October,GramCover,2016.0,Noida,Insurance,"Siana Capital, Inflexor Ventures, Stride Ventures",7000000,Series A
186,October,BYJU'S,2011.0,Bangalore,EdTech,"Oxshott Capital Partners, XN Exponent, Edelweiss",300000000,Pre-series B
187,October,Hyperface,2021.0,Bangalore,Information Technology & Services,"Kunal Shah, Better Capital",1300000,Pre-series B
188,October,Licious,2015.0,Bangalore,Food & Beverages,,52000000,Series C
189,October,Chalo,2014.0,Mumbai,Mobility,"Lightrock India, Filter Capital",40000000,Series C
190,October,Kaar Technologies,2005.0,Chennai,Information Technology & Services,BlackSoil,4000000,Pre-series B
192,October,Sunstone Eduversity,2011.0,Gurugram,EdTech,WestBridge Capital,28000000,Series B
193,October,Ozonetel,2007.0,Hyderabad,Telecommunications,Stakeboat Capital,5000000,Series A
194,October,CoinSwitch Kuber,2017.0,Bangalore,Crypto,"Coinbase Ventures, Andreessen Horowitz",260000000,Series C
195,October,Pazcare,2020.0,Bangalore,Insurance,"BEENEXT, 3one4 Capital",3500000,Seed
196,October,kWh Bikes,2020.0,Bangalore,Automotive,"Let’s Venture, Better Capital",2000000,Seed
197,October,IBSFINtech,2006.0,Bangalore,Information Technology & Services,,1000000,Pre-series A
200,October,Twin Health,2018.0,Chennai,"Health, Wellness & Fitness","Sequoia Capital India, ICONIQ Capital, Perceptive Advisors",140000000,Series C
201,October,Trica,2021.0,Mumbai,Equity Management,LetsVenture,3000000,Seed
202,October,mHealth,2020.0,New Delhi,"Health, Wellness & Fitness",India Accelerator,Undisclosed,Seed
203,October,Rebel Foods,2011.0,Mumbai,Cloud kitchen,Qatar Investment Authority,175000000,Series C
204,October,ProfitWheel,2020.0,Mumbai,Marketing & Advertising,"Netcore Cloud, Vallabh Bhansali, Jimmy Mahtani",3000000,Seed
205,October,Log 9 Materials,2014.0,Bangalore,Nanotechnology,Petronas Ventures,2000000,Pre-series B
206,October,Chingari,2018.0,Bangalore,Entertainment,Solana,19000000,Pre-series B
207,October,Ishitva,2018.0,Ahmedabad,Computer Software,Inflection Point Ventures,1000000,Pre-series A
208,October,Ola Electric,2017.0,Bangalore,Automotive,"Falcon Edge, Softbank",200000000,Pre-series B
209,October,leap.club,2014.0,Gurugram,Community,"Enzia Ventures, Kunal Shah",810000,Pre-series A
210,October,F5,2018.0,New Delhi,Retail,Auxano Capital,600000,Pre-series A
211,October,ForeignAdmits,2018.0,Bangalore,Higher Education,Unicorn India Ventures,400000,Seed
212,October,SALT,2019.0,Bangalore,Financial Services,"Prashant Pansare, Supermorpheus",500000,Pre-seed
213,October,EarnWealth,2014.0,Pune,Financial Services,,500000,Pre-series A
214,October,Visit Health,2015.0,New Delhi,"Health, Wellness & Fitness",Docprime Technologies,7500000,Pre-series B
215,October,Crater.Club,2020.0,Bangalore,Media,LC Nueva AIF,700000,Seed
216,October,NFTically,2021.0,Gurugram,NFT,"Nitish Mittersain, Gaurav Munjal",1000000,Seed
217,October,ReshaMandi,2020.0,Bangalore,B2B,"9Unicorns, Venture Catalysts, Sandeep Singhal",30000000,Series A
218,October,Zetwerk,2018.0,Bangalore,Mechanical Or Industrial Engineering,TradeCred,600000000,Pre-series B
219,October,Hubilo,2020.0,Ahmedabad,Software Startup,Alkeon Capital,125000000,Series B
220,October,M2P Fintech,2015.0,Chennai,Financial Services,Tiger Global,35000000,Series C
221,October,Open Financial Technologies,2017.0,Bangalore,Financial Services,"Temasek, Google, SBI Investment",90000000,Series C
222,October,Niro,2021.0,Bangalore,Financial Services,Elevar Equity,3500000,Seed
223,October,Wiingy,2021.0,Bangalore,E-learning,Aroa Ventures,400000,Pre-series B
224,October,CarDekho,2008.0,Jaipur,Automotive,,250000000,Series C
225,October,Melorra,2015.0,Bangalore,D2C jewellery,"9Unicorns, Symphony International Holdings Limited, Value Quest",24000000,Pre-series B
226,October,AnKa SumMor,2017.0,Bangalore,Sales and Distribution,Inflection Point Ventures,1000000,Pre-series A
227,October,Toch.ai,2016.0,Mumbai,SaaS,,11000000,Series A
228,October,Playto Labs,2021.0,Bangalore,E-learning,Inflection Point Ventures,500000,Seed
229,October,Fraazo,2020.0,Mumbai,Food & Beverages,WestBridge Capital,50000000,Series B
230,October,Arcana,2019.0,Bangalore,Information Technology & Services,"Republic Crypto, Woodstock, DCG, Sahil Lavingia",2300000,Pre-series B
231,October,FloCareer,2018.0,Bangalore,Information Services,Data Point Capital,5700000,Series A
232,October,Nap Chief,2019.0,Mumbai,Apparel & Fashion,Titan Capital,200000,Seed
233,October,AcknoLedger,2021.0,Mumbai,Crypto,"Momentum 6, Basics Capital, Krypital Capital, Shima Capital, Magnus Capital",1500000,Seed
234,October,ApplicateAI,2014.0,Gurugram,Information Technology & Services,,30000000,Series A
235,October,VLCC Health Care,1989.0,Gurugram,"Health, Wellness & Fitness",,4000000,Pre-series B
236,October,Duroflex,1963.0,Bangalore,Furniture,Norwest Venture Partners,60000000,Pre-series B
237,October,Aviom India,2016.0,Bhilwara,Financial Services,Sabre Partners,8000000,Series C
238,October,Onato,2021.0,Bangalore,Computer Software,"Vertex Ventures, Omnivore",2200000,Pre-series B
239,October,Mestastop Solutions,2018.0,Bangalore,Biotechnology,CIIE.CO,100000,Pre-series B
240,October,SaaS Labs,2016.0,Noida,SaaS,"Base 10 Partners, Eight Roads Ventures",17000000,Series A
241,October,Devnagri,2017.0,Noida,Translation & Localization,"enture Catalyst, IPV",600000,Seed
242,October,CRED,2018.0,Bangalore,Finance,"Tiger Global, Falcon Edge",250000000,Series C
243,October,ConveGenius,2013.0,Noida,Education Management,"BAce Capital, Heritas Capital, 3Lines Venture Capital",5000000,Pre-seed
244,October,Totality,2017.0,Gurugram,Entertainment,"Leo Capital, Mayfield Fund",1000000,Pre-series B
245,October,CredAble,2017.0,Mumbai,Financial Services,"Plutus Wealth, Oaks Asset Management",30000000,Series B
246,October,MarketWolf,2017.0,Mumbai,Financial Services,"Anil Thadani, Ashutosh Sinha, Roy van Leeuwen",5500000,Seed
247,October,Wondrlab,2020.0,Mumbai,Marketing & Advertising,"Pi Ventures LLP, Tanas Capital, Prodapt Holdings",7000000,Pre-series A
248,October,SUN Mobility,2017.0,Bangalore,Automotive,Vitol,50000000,Pre-series B
249,October,Tamasha,2020.0,Mumbai,Entertainment,Chiratae Ventures,3000000,Pre-series A
250,October,Revfin,2017.0,New Delhi,Financial Services,"Ruchirans Jaipuria, Rishi Kajaria",4000000,Pre-series A
251,October,Yu Foodlabs,2020.0,Gurugram,Food & Beverages,"Manish Choksi, Varun Vakil",1000000,Pre-series A
252,October,MergerDomo,2018.0,New Delhi,Investment Banking,Nadir B Godrej,500000,Pre-series B
253,October,FarMart,2015.0,Gurugram,Farming,Matrix Partners India,10000000,Series A
254,October,Questt,2020.0,Gurugram,EdTech,Celesta Capital,6750000,Series A
255,October,IDfy,2011.0,Mumbai,Information Technology & Services,"TransUnion, Blume Ventures",10000000,Series C
256,October,ClearDekho,2016.0,Ghaziabad,Retail,Aroa Ventures,4000000,Pre-series A
257,October,BookingJini,2017.0,Gurugram,Hospitality,Mumbai Angels Network,1200000,Pre-series A
258,October,Sourcewiz,2021.0,Gurugram,Information Technology & Services,"Blume, Alpha Wave Incubation",3000000,Seed
259,October,Tvasta,2016.0,Chennai,Mechanical Or Industrial Engineering,Habitat for Humanity International,400000,Pre-series B
260,October,Kafqa Academy,2021.0,Bangalore,E-learning,"Global Founders Capital, Enzia Ventures, Better Capital",1300000,Seed
261,October,Trell,2016.0,Bangalore,Social commerce,Amazon,100000000,Pre-series B
262,October,Storia,2016.0,Mumbai,Food & Beverages,Sixth Sense Ventures,6000000,Series A
264,October,Groww,2016.0,Bangalore,Finance,Iconiq Growth,250000000,Series C
265,October,The Indus Valley,2016.0,Chennai,Consumer Goods,"Rukam Capital, DSG Consumer Partners, The Chennai Angels",1100000,Pre-series B
266,October,BharatPe,2018.0,New Delhi,Financial Services,MAS Financial Services,10000000,Pre-series B
267,October,Teachmint,2020.0,Bangalore,E-learning,"Rocketship.vc, Vulcan Capital",78000000,Series B
268,October,Porter,2014.0,Bangalore,Logistics & Supply Chain,"Tiger Global, Vitruvian Partners",100000000,Series C
269,October,O4S,2017.0,Gurugram,Information Technology & Services,"Think Investments, Venture Highway",6000000,Series A
270,October,Wobb,2020.0,Gurugram,Marketing,"Alok Kohli, Sanjeev Bhargava",200000,Pre-seed
271,October,BASIC Home Loan,2020.0,Gurugram,Financial Services,"Venture Catalysts, Gruhas Proptech",3500000,Series A
272,October,Siply,2020.0,Bangalore,Financial Services,"LetsVenture, AngelList India, Founder's Room Circle",3200000,Pre-series A
273,October,BankSathi,2020.0,New Delhi,Financial Services,"Dinesh Godara, Anuj Ahuja, Aditya",500000,Pre-series B
274,October,Gramophone,2016.0,Indore,AgriTech,Z3Partners,10000000,Pre-series B
275,October,Healofy,2016.0,Bangalore,Femtech,"Celesta Capital, Omidyar Network India",6000000,Series B
276,October,E42,2012.0,Pune,Computer Software,Pavestone Ventures,5400000,Series A
277,October,Spottabl,2017.0,Bangalore,Human Resources,"LetsVenture, Paradigm Shift VC, Binny Bansal",400000,Seed
278,October,DeHaat,2012.0,Gurugram,Information Technology & Services,"Sofina, Lightrock India, Temasek",115000000,Series C
281,October,Instoried,2018.0,Bangalore,Computer Software,"Pritt Investment Partners, 9Unicorns",8000000,Pre-series B
282,October,SportZchain,2021.0,Mumbai,sports,"Darq Capital, Jagadeesh Atukuri",400000,Pre-seed
283,October,Hypto,2018.0,Chennai,Tech startup,Stellaris Venture Partners,3000000,Seed
284,October,CHUPPS,2016.0,Mumbai,Foootwear,Venture Catalysts,1100000,Pre-series A
285,October,Zenduty,2019.0,Bangalore,Computer Software,StartupXseed Ventures,1900000,Pre-series A
286,October,R for Rabbit,2014.0,Ahmedabad,Consumer Goods,Xponentia Capital Partners,5000000,Pre-series B
287,October,Acko,2016.0,Bangalore,Insurance,"General Atlantic, Multiples",255000000,Series C
288,October,LoveLocal,2015.0,Mumbai,Retail,Vulcan Capital,18000000,Pre-series B
289,October,SupplyNote,2015.0,Noida,Food & Beverages,Venture Catalysts,1200000,Pre-series A
291,October,Cloudphysician,2017.0,Bangalore,Hospital & Health Care,Elevar Equity,4000000,Pre-series A
292,October,Wiggles.in,2018.0,Pune,Veterinary,Anthill Ventures,5500000,Pre-series A
293,October,Avanti Finance,2017.0,Bangalore,Financial Services,"Oikocredit, Nomura, The Bill & Melinda Gates Foundation",15000000,Series A
294,October,Vanity Wagon,2018.0,New Delhi,Consumer Goods,Inflection Point Ventures,700000,Pre-series A
295,October,Purplle,2012.0,Mumbai,E-commerce,Kedaara,70000000,Pre-series B
297,September,MFine,2017.0,Bangalore,Hospital & Health Care,"Moore Strategic Ventures, BEENEXT",48000000,Series C
298,September,Aquatein,2019.0,Mumbai,Food & Beverages,Eaglewings Ventures,Undisclosed,Seed
299,September,Mentza,2020.0,Mumbai,E-learning,Inflection Point Ventures,400000,Seed
300,September,ConnectedH,2018.0,Gurugram,Hospital & Health Care,"Kalaari Capital, Incubate Fund India",2300000,Seed
301,September,CredAvenue,2017.0,Chennai,FinTech,"Sequoia Capital, Lightspeed, TVS Capital Funds",90000000,Series A
302,September,Vedantu,2011.0,Bangalore,E-learning,ABC World Asia,100000000,Series C
303,September,Exotel,2011.0,Bangalore,Telecommunications,"IIFL AMC, Sistema Asia Fund, CX Partners, Singularity Growth Opportunities Fund",35000000,Series C
304,September,Fantasy Akhada,2020.0,Gurugram,sports,Prime Securities Limited,2000000,Series A
305,September,Meesho,2015.0,Bangalore,Social commerce,"Fidelity, B Capital",570000000,Pre-series B
307,September,Cusmat,2016.0,Hyderabad,Computer Software,We Founder Circle,100000,Pre-series A
308,September,Homeville,2017.0,Mumbai,Information Technology & Services,"9Unicorns, Varanium NexGen Fund",7000000,Pre-series B
309,September,Coinshift,2021.0,Chandigarh,Blockchain,"Sequoia Capital, Sandeep Nailwal",2500000,Seed
310,September,Strip Finance,2021.0,Hyderabad,Financial Services,"Old Fashion Research, Nothing Research, Tenzor capital",400000,Seed
312,September,Kolo,2020.0,Bangalore,Construction,Better Capital,550000,Pre-seed
313,September,Chqbook,2017.0,Gurugram,FinTech,"Aavishkaar Capital, Rajiv Dadlani Group",5000000,Pre-series B
314,September,My3DSelfie,2016.0,Guwahati,Arts & Crafts,"NEVF, AccelNest",Undisclosed,Pre-series A
315,September,EV Plugs,2021.0,Gurugram,Information Technology & Services,,150000,Pre-series B
316,September,Rulezero,2019.0,Bangalore,Financial Services,The Treasury,2500000,Seed
317,September,CredRight,2016.0,Hyderabad,Financial Services,"9Unicorns, Spearhead Capital, Venture Catalysts",2700000,Pre-series B
319,September,Auntie Fung,2015.0,Bangalore,Food & Beverages,India Angel Network,400000,Pre-series B
320,September,ePayLater,2015.0,Mumbai,Financial Services,"Responsibility, Blue Ashva Capital, Pravega Ventures",10000000,Series B
321,September,Fittr,2016.0,Pune,"Health, Wellness & Fitness","Dream Capital, Elysian Park Ventures",11000000,Series A
322,September,Medikabazaar,2014.0,Mumbai,Healthtech,"CDC Group, Creaegis",75000000,Series C
323,September,Nimble Growth Organics,2016.0,Bangalore,Farming,,Undisclosed,Seed
324,September,Delhivery,2011.0,Gurugram,Logistics & Supply Chain,"Lee Fixel’s venture capital firm, Addition",125000000,Pre-series B
325,September,Akudo,2020.0,Bangalore,Financial Services,"Y Combinator, JAFCO Asia, Incubate Fund India, marquee angels",4200000,Seed
326,September,Sanctum Wealth,2016.0,Mumbai,Investment Management,The Xander Group,10000000,Pre-series B
327,September,88academics,2018.0,New Delhi,Education,Aarin Capital,3000000,Pre-series A
329,September,Sanfe,2018.0,New Delhi,"Health, Wellness & Fitness","LetsVenture, Ajay Garg, Tarun Sharma",1000000,Series A
330,September,PredictiVu,2020.0,Gurugram,Management Consulting,Kunal Sarkar,1500000,Pre-seed
331,September,Sterling Accuris Wellness,2016.0,Ahmedabad,Hospital & Health Care,Morgan Stanley Private Equity Asia,30000000,Pre-series B
332,September,Bijnis,2015.0,New Delhi,B2B startup,Westbridge Capital,30000000,Series B
333,September,Capital Float,2013.0,Bangalore,Financial Services,Lightrock India,50000000,Pre-series B
334,September,Manch Technologies,2017.0,Bangalore,Information Technology & Services,Bharat Inclusion,1000000,Pre-series A
337,September,CashBook,2020.0,Gurugram,FinTech,"JAM, Better Tomorrow Ventures",2300000,Seed
338,September,The Money Club,2016.0,Noida,Financial Services,"SOSV, Venture Catalysts",1700000,Pre-series A
339,September,SuperZop,2016.0,Mumbai,Retail,Incofin’s India Progress Fund,4000000,Series A
340,September,Zypp Electric,2017.0,Gurugram,Logistics & Supply Chain,"9Unicorns, Anthill Ventures",7000000,Series A
341,September,Alpha Coach,2021.0,Mumbai,Professional Training & Coaching,Jani Ventures INC,1200000,Pre-series B
342,September,VRO Hospitality,2018.0,Bangalore,Hospitality,CreedCap Asia Advisors,3000000,Series A
343,September,byteXL,2019.0,Hyderabad,E-learning,Joseph Joy,200000,Pre-series B
344,September,Leena AI,2015.0,Gurugram,Computer Software,Bessemer Venture Partners,30000000,Series B
345,September,CARS24,2015.0,Gurugram,Automotive,"DST Global, Falcon Edge, SoftBank Vision Fund 2",450000000,Series C
347,September,Bluepad,2020.0,Bangalore,Online Media,"Titan Capital, AngelList's syndicate",200000,Pre-seed
348,September,FloBiz,2019.0,Bangalore,Information Technology & Services,Sequoia Capital India,31000000,Series B
349,September,Tummoc,2016.0,Bangalore,Mobility,"Vineet Singh, Krishna D, Deependra Bisht, Alan Aim",540000,Seed
350,September,Design Cafe,2015.0,Bangalore,Design,"Westbridge Capital, Sixth Sense Ventures",25000000,Pre-series B
351,September,PayCardo,2021.0,Pune,Financial Services,MaGEHold,Undisclosed,Pre-seed
352,September,Aerchain,2019.0,Bangalore,Computer Software,"Season Two Ventures, IndiaMart",3000000,Pre-series A
354,September,CuriousJr,2020.0,Gurugram,E-learning,"WaterBridge Ventures, Enzia Ventures",1000000,Seed
356,September,Supertails,2021.0,Bangalore,Consumer Services,Alteria Capital,700000,Pre-series B
357,September,LifeCell,2004.0,Chennai,Biotechnology,Orbimed Asia Partners,30000000,Pre-series B
358,September,ZestMoney,2015.0,Bangalore,Financial Services,Zip Co,50000000,Series C
359,September,FrontRow,2020.0,Bangalore,E-learning,"Eight Roads Ventures, GSV",14000000,Series A
360,September,HappyCredit,2020.0,Bangalore,FinTech,"Kunal Shah, Krishna Kumar",600000,Pre-seed
361,September,Endimension,2018.0,Mumbai,Healtcare,Inflection Point Ventures,300000,Seed
362,September,Frenzi,2020.0,Mumbai,Online Media,SucSEED Indovation Fund,Undisclosed,Seed
364,September,BeepKart,2020.0,Bangalore,Automotive,"Stellaris Venture Partners, Chiratae Ventures",3000000,Seed
365,September,Lio,2020.0,Pune,Computer Software,"Lightspeed, Sequioa",5000000,Seed
366,September,TravClan,2018.0,New Delhi,B2B Travel,TheVentures,2200000,Pre-series A
367,September,WickedGud,2021.0,Mumbai,Food & Beverages,"Titan Capital, Archana Priyadarshini, Gaurav Ahuja",340000,Pre-seed
368,September,Enercomp,2013.0,Ahmedabad,Information Technology & Services,ah! Ventures,200000,Pre-series B
369,September,BetterPlace,2014.0,Bangalore,Information Technology & Services,"Jungle Ventures, CX Partners",24000000,Series C
370,September,Medpho,2021.0,Noida,Hospital & Health Care,"Cygnus Medicare Group, Probal Ghoshal, Shuchin Bajaj",1000000,Pre-series B
371,September,LivQuik Technology,2012.0,Mumbai,Financial Services,M2P Fintech,4000000,Pre-series B
373,September,GTM Buddy,2020.0,Hyderabad,Computer Software,Stellaris Venture Partners,2000000,Seed
374,September,Gobbly,2019.0,Gurugram,Retail,"Anicut Angel Fund, Sauce.VC",900000,Pre-series A
375,September,HexaHealth,2019.0,Mumbai,Healthtech,"Omidyar Network India, Chiratae Ventures",4500000,Seed
376,September,Eupheus Learning,2017.0,New Delhi,E-learning,Lightrock India,10000000,Series C
377,September,Easiloan,2020.0,Mumbai,FinTech,Tomorrow Capital,1000000,Pre-series B
380,September,Vahan,2016.0,Bangalore,Information Technology & Services,Khosla Ventures,8000000,Series A
381,September,MPL,2018.0,Bangalore,Sports,Legatum Capital,,Series C
382,September,Tinkerly,2015.0,Jaipur,EdTech,Navneet Education,800000,Pre-series B
383,September,Godamwale,2016.0,Mumbai,Logistics & Supply Chain,,1000000,Seed
384,September,Artium Academy,2021.0,Mumbai,Music,"Sonu Nigam, Whiteboard Capital",750000,Seed
385,September,Awon GameZ,2020.0,Noida,Gaming,Aditya Duggar,2000000,Seed
386,September,Ayu Health,2019.0,Bangalore,"Health, Wellness & Fitness","Vertex Ventures, Stellaris Venture Partners",6300000,Series A
387,September,Apna,2019.0,Bangalore,Recruitment,Tiger Global,100000000,Series C
388,September,BharatAgri,2017.0,Bangalore,AgriTech,"Omnivore, India Quotient",6500000,Series A
389,September,Flatheads,2018.0,Bangalore,Apparel & Fashion,"We Founder Circle, Dexter Angels",1000000,Pre-series A
390,September,Boutique Spirit Brands,2016.0,New Delhi,Wine & Spirits,"IIFL﻿, ﻿Anicut Angel Fund﻿, ﻿Kae Capital﻿, TradeCred",10000000,Pre-series B
391,September,eShipz,2019.0,Bangalore,SaaS startup,"Indian Angel Network, Axilor",700000,Pre-series B
392,September,Pine Labs,1998.0,Noida,Information Technology & Services,Invesco Developing Markets Fund,100000000,Pre-series B
393,September,Paytail,2020.0,New Delhi,Financial Services,Cholamandalam,1500000,Seed
394,September,4Fin,2021.0,Pune,Financial Services,Curesense Therapeutics,1100000,Pre-seed
397,September,immunitoAI,2020.0,Bangalore,Biotechnology,pi Ventures,1000000,Seed
398,September,GameEon Studios,2013.0,Mumbai,Computer Games,Mumbai Angels Network,320000,Pre-series B
399,September,Farmers Fresh Zone,2015.0,Kochi,AgriTech,"IAN Fund, Malabar Angel Network, Native Angel Network",800000,Pre-series A
400,September,Anveshan,2019.0,Bangalore,Food Production,"DSG Consumer Partners, Titan Capital",500000,Seed
401,September,OckyPocky,2015.0,Gurugram,EdTech,"Sujeet Kumar, SucSEED Indovation Fund",Undisclosed,Seed
402,September,Coutloot,2016.0,Mumbai,Consumer Services,"Ameba Capital, 9Unicorns",8000000,Pre-series A
403,September,Nova Benefits,2020.0,Bangalore,"Health, Wellness & Fitness","Susquehanna International Group, Bessemer Venture Partners",10000000,Series A
404,September,HomeLane,2014.0,Bangalore,Interior Design,"IIFL AMC, Oman India Joint Investment Fund",50000000,Series C
405,September,Lido Learning,2019.0,Mumbai,E-learning,Unilazer Ventures,10000000,Pre-series B
406,September,Jar,2021.0,Bangalore,FinTech,"Tribe Capital, Arkam Ventures, WEH, Kunal Shah",4500000,Pre-series A
407,September,Peppermint,2019.0,Pune,Industrial Automation,"Venture Catalysts, Indian Angel Network",600000,Pre-series B
408,September,moneyHOP,2018.0,London,Financial Services,,1200000,Seed
409,September,Codingal,2020.0,Bangalore,EdTech,,1200000,Seed
410,September,Skit,2016.0,Bangalore,AI startup,WestBridge Capital,23000000,Series B
412,September,REVOS,2017.0,Bangalore,Automotive,,4000000,Series A
413,September,Dezerv.,2021.0,Mumbai,Investment Management,"Elevation Capital, Matrix Partners India",7000000,Seed
414,September,AppsForBharat,2020.0,Bangalore,Product studio,Elevation Capital,10000000,Series A
415,September,Habbit,2020.0,Bangalore,EdTech,Ashok Goyal,320000,Pre-seed
416,September,Bikayi,2019.0,Hyderabad,E-commerce,Sequoia Capital India,10000000,Series A
417,September,Sugar.fit,2021.0,Bangalore,Health,"Cure.fit, Endiya Partners, Tanglin Venture",10000000,Pre-series B
418,September,Dukaan,2020.0,Bangalore,Retail,"HOF Capital, Old Well Ventures, LetsVenture, 9Unicorns",11000000,Series A
419,September,Vidyakul,2017.0,Gurugram,EdTech,We Founder Circle,500000,Pre-seed
420,September,Goodmylk,2015.0,Bangalore,Food & Beverages,"Jinisha Sharma, Aditya Agarwal, Victoria, Abhishek Shroff",1000000,Seed
421,September,Fieldproxy,2016.0,Chennai,SaaS startup,"LetsVenture, 2am VC, magic.fund",200000,Seed
422,September,NeuroPixel.AI,2020.0,Bangalore,Deeptech,"Arvind Venugopal Nair, Amritendu Mukherjee",800000,Seed
423,September,Elixia Tech Solutions,2011.0,Mumbai,Information Technology & Services,Rajasthan Venture Capital Fund,1000000,Pre-series A
424,September,bitsCrunch,2020.0,Chennai,Blockchain,"Covalent, Double Peak, GenBlock Capital, Ledger Prime, MEXC Global, Synaps",700000,Seed
425,September,Prolgae,2016.0,The Nilgiris,Biotechnology,Vijayan,200000,Seed
426,September,Biddano,2016.0,Pune,"Health, Wellness & Fitness","Gokul Rajaram, JPIN, Venture Catalysts UK, AngelList",2000000,Pre-series A
427,September,Geniemode,2021.0,Gurugram,B2B,Info Edge Ventures,2000000,Pre-series B
429,September,Neokred,2019.0,Bangalore,FinTech,"Virenxia Group, Rajesh Jain, Nitin Agarwal",500000,Seed
431,September,Flipspaces,2011.0,Mumbai,Design,Prashasta Seth,2000000,Pre-series B
432,September,Fleek,2021.0,Bangalore,Internet,Axilor,1000000,Seed
434,September,Proeon,2018.0,Pune,Food Production,"Shaival Desai, Flowstate Ventures",2000000,Seed
436,September,TechEagle,2015.0,Gurugram,Aviation & Aerospace,India Accelerator,500000,Seed
437,September,Voxelgrids,2017.0,Bangalore,Deeptech,Zoho,5000000,Pre-series B
438,September,Cogos Technologies,2016.0,Bangalore,Logistics & Supply Chain,Transworld Group,2000000,Pre-series A
439,September,Gigforce,2019.0,Gurugram,Staffing & Recruiting,Endiya Partners,3000000,Pre-series A
440,September,Vahdam,2015.0,New Delhi,Food & Beverages,IIFL AMC,20000000,Series C
441,September,Leap Finance,2019.0,Bangalore,Financial Services,Owl Ventures,55000000,Series C
445,August,Factors.AI,2020.0,Bangalore,SaaS startup,"Elevation Partners, Emergent Ventures",2000000,Pre-series B
446,August,Elevar,2017.0,Mumbai,Sports,"Kalaari Capital, Dream Capital",2000000,Pre-series B
447,August,Studio Sirah,2020.0,Bangalore,Computer Games,Lumikai,800000,Pre-series B
448,August,OTO Capital,2018.0,Mumbai,FinTech,Matrix Partners India,6000000,Pre-series B
449,August,1Bridge,2016.0,Bangalore,Consumer Goods,C4D Partners,2500000,Pre-series B
450,August,Skeps,2018.0,Gurugram,FinTech,Bertelsmann India,9500000,Pre-series B
452,August,TartanSense,2015.0,Bangalore,Information Technology,"FMC, Omnivore, Blume Ventures",5000000,Pre-series B
453,August,Bewakoof,2012.0,Mumbai,Apparel & Fashion,InvestCorp,8000000,Pre-series B
454,August,Kirana247,2018.0,New Delhi,Logistics & Supply Chain,,1000000,Pre-series B
455,August,FanPlay,2020.0,Computer Games,Computer Games,"Pritesh Kumar, Bharat Gupta , Upsparks",1200000,
457,August,IsGoingOnline,2015.0,Cochin,Retail,"Unicorn India Ventures, SEA Fund, Devdatt Shah",200000,Pre-series B
458,August,Camp K12,2010.0,Gurugram,EdTech,"Matrix Partners India, Elevation Capital",12000000,Pre-series B
460,August,Sporjo,2020.0,Mumbai,SportsTech,Punit Balan,2000000,Pre-series B
462,August,SuperGaming,2017.0,Pune,Gaming,"Skycatcher, AET Fund, BAce Capital, Dream Incubator, 1Up Ventures",5500000,Pre-series B
463,August,Ruptok,2020.0,New Delhi,FinTech,Eclear Leasing,1000000,Pre-series B
477,August,O’ Be Cocktails,2019.0,Bangalore,Wine & Spirits,"First Cheque, Letsventure",400000,Pre-series B
481,August,Khatabook,2018.0,Bangalore,Financial Services,"Tribe Capital, Moore Strategic Ventures (MSV)",100000000,Series C
482,August,Smytten,2015.0,Gurugram,Consumer Goods,Fireside Ventures,6000000,Series A
485,August,NOTO,2019.0,Mumbai,Consumer Goods,"Titan Capital, Rockstud Capital, John Abraham, WEH Ventures",500000,Pre-series A
486,August,Lumiq,2013.0,Noida,Information Technology,Info Edge Ventures,2000000,Seed
488,August,Breathe Well-being,2015.0,Gurugram,Health,Accel,5500000,Series A
490,August,House of Kieraya,2013.0,Bangalore,Lifestyle,TradeCred,15000000,Pre-series B
491,August,goEgoNetwork,2019.0,Pune,Automotive,,2000000,Pre-series B
492,August,Probus,2017.0,New Delhi,IoT,Unicorn India Ventures,500000,Pre-seed
493,August,DrinkPrime,2016.0,Bangalore,Consumer Goods,"UC Inclusive Credit, Western Capital",1000000,Pre-series B
494,August,Smart Express,,Mumbai,Logistics,"IIFL India Private Equity Fund, Smiti Holding & Trading Company",10000000,Seed
495,August,Smallcase,2015.0,Bangalore,FinTech,Faering Capital,40000000,Series C
496,August,SATYA MicroCapital,2017.0,New Delhi,Banking,"responsAbility Investments, Blue Orchard",10000000,Pre-series B
498,August,Postman,2014.0,Bangalore,Computer software,"CRV, Nexus Venture Partners",225000000,Series C
499,August,Hashnode,2016.0,Bangalore,Computer software,"Salesforce Ventures, Sierra Ventures, Sequoia Capital India’s Surge",6700000,Series A
500,August,RACEnergy,2018.0,Hyderabad,Automotive,"Micelio Fund, growX ventures",1300000,Pre-seed
502,August,Gyde,2019.0,Pune,Computer software,"Better Capital, Ashish Achrekar",250000,Seed
503,August,BatteryPool,2018.0,Pune,Automotive,IAN,Undisclosed,Seed
504,August,AgNext,2016.0,Chandigarh,AgriTech,Alpha Wave Incubation,21000000,Series A
505,August,Xpresslane,2019.0,Bangalore,Tech startup,"Point One Capital, Yatra Angel Network (YAN), Opus Consulting, Manipal Technologies.",400000,Pre-seed
506,August,LoanKuber,2016.0,New Delhi,Digital mortgage,,1200000,Pre-series A
507,August,OYO,2013.0,Gurugram,Hospitality,Microsoft,5000000,Series C
508,August,Rapido,2015.0,Bangalore,Information Technology & Services,"Shell Ventures, Yamaha, Kunal Shah",52000000,Pre-series B
509,August,YPay,2017.0,Noida,Fintech,We Founder Circle,400000,Pre-series B
510,August,SleepyCat,2017.0,Mumbai,Furniture,"Saama Capital, DSG Consumer Partners, Sharrp Ventures",3800000,Pre-series B
511,August,Ultrahuman,2020.0,Bangalore,Healthcare,Tiger Global’s Scott Schleifer,17500000,Pre-series B
512,August,UpScalio,2021.0,Gurugram,E-commerce,,42000000,Pre-series B
513,August,Yellow Class,2020.0,Gurugram,EdTech,Elevation Capital,6000000,Pre-series B
514,August,Yojak,2019.0,Gurugram,B2B marketplace,Info Edge Ventures,3800000,Pre-series B
515,August,CreatorStack,2019.0,Bangalore,Computer software,Accel,2000000,Pre-series B
517,August,Rage Coffee,2018.0,New Delhi,Food & Beverages,Sixth Sense Ventures,5000000,Pre-series B
519,August,Navia Life Care,2016.0,New Delhi,Healtcare,"Anicut Angel Fund, 9 Unicorns",1000000,Pre-series B
520,August,1K Kirana Bazaar,2018.0,Gurugram,Retail,"Info Edge, FalconEdge",7000000,Pre-series B
521,August,Zupee,2018.0,Gurugram,Gaming,"WestCap Group, Tomales Bay Capital",30000000,Pre-series B
522,August,Locale.ai,2019.0,Bangalore,Location Analytics,"Chiratae Ventures, Better Capital",1000000,Pre-series B
523,August,VerSe Innovation,2018.0,Bangalore,Media,"Siguler Guff, Baillie Gifford",450000000,Pre-series B
525,August,Miko,2015.0,Mumbai,Consumer Electronics,"IIFL AMC, Mankind Pharma Family Office, Aroa Ventures",28000000,Pre-series B
526,August,Whiz League,2020.0,New Delhi,EdTech,ITI Growth Opportunities,300000,Pre-series B
527,August,Hash,2020.0,New Delhi,Tobacco,Amrac Investment Trust,3500000,Pre-series B
530,August,upGrad,2015.0,Mumbai,EdTech,India Infoline Finance,25000000,Pre-series B
531,August,FlashPrep,2020.0,Bangalore,EdTech,Venture Highway,500000,Pre-seed
532,August,Kenko Health,2019.0,Mumbai,Insuretech,"BEENEXT, Orios",1700000,Pre-series A
533,August,Wiz Freight,2020.0,Chennai,Logistics & Supply Chain,Axilor,3500000,Seed
534,August,Credgenics,2018.0,New Delhi,Financial Services,"Westbridge Capital, Tanglin Venture Partners",25000000,Series A
535,August,BlueLearn,2020.0,Goa,EdTech,"100X.VC﻿,﻿ Titan Capital, Rahul Mathur, Gaurav Mandlecha",400000,Pre-seed
536,August,NimbleBox.ai,2018.0,Chennai,MLOps platform,Venture Catalysts,1000000,Seed
537,August,Pickrr,2015.0,Gurugram,Logistics & Supply Chain,"IIFL, Amicus Capital, Ananta Capital",12000000,Series B
538,August,Stellaris Venture Partners,2015.0,Bangalore,Venture Capital,,225000000,Pre-series B
539,August,Grip Invest,2020.0,Gurugram,Financial Services,"Venture Highway, Endiya Partners",3000000,Series A
540,August,Heads Up For Tails,2008.0,New Delhi,Pet care,"Verlinvest, Sequoia Capital India",37000000,Series A
541,August,Blue Tokai Coffee Roasters,2012.0,New Delhi,Food & Beverages,Anicut Angel Fund,2000000,Pre-series B
542,August,Neeman,2017.0,Hyderabad,Consumer Goods,Sixth Sense Ventures,2000000,Series A
544,August,GoSats,2020.0,Bangalore,FinTech,"Alphabit Fund, Fulgur Ventures, Stacks Accelerator, SBX Capital",700000,Seed
545,August,StockGro,2020.0,Bangalore,FinTech,"Roots Ventures, Velo Partners",5000000,Pre-series A
546,August,Onsurity,2020.0,Bangalore,Healthcare,Nexus Venture Partners,16000000,Series A
547,August,Khabri,2017.0,Gurugram,Media,,2000000,Pre-series A
548,August,Celcius,2020.0,Mumbai,Logistics,"Mumbai Angels Network, Huddle, Lumis Partners",500000,Pre-series B
549,August,AyuRythm,2017.0,Bangalore,Healthcare,SucSEED Indovation Fund,undisclosed,Seed
550,August,Enguru,2014.0,Bangalore,EdTech,"Potencia Ventures, Bisk Ventures, LetsVenture, Ronnie Screwvala, Arihant Patni",undisclosed,Pre-series A
551,August,Rocket Skills,2020.0,Gurugram,EdTech,"Better Capital, First Cheque, Titan Capital",200000,Pre-seed
552,August,RenewBuy,2015.0,Gurugram,FinTech,Evolvence Capital,10000000,Series C
553,August,Faarms,2020.0,Bangalore,AgriTech,,2000000,Seed
554,August,UrbanMatrix Technologies,2019.0,Chennai,Drone,SARA ELGI,100000,Pre-series B
555,August,Jupiter,2019.0,Mumbai,Banking,"Nubank, Global Founders Capital, Sequoia Capital India, Matrix Partners India",44000000,Series B
556,August,Pixuate,2012.0,Bangalore,DeepTech,SucSEED Indovation Fund,1000000,Seed
557,August,Playo,2014.0,Bangalore,SportsTech,ah! Ventures High Tables,500000,Pre-series A
558,August,Toothsi,2018.0,Mumbai,Health,"Eight Roads Ventures, Think Investments, Mankekar Family Office",20000000,Series B
559,August,Soothe Healthcare,2012.0,New Delhi,Consumer Goods,A91 Partners,10000000,Series C
560,August,Goodmeetings,2020.0,Bangalore,Computer software,Chiratae Ventures,1700000,Series A
561,August,Apnaklub,2020.0,Bangalore,Wholesale,Sequoia’s Surge,3500000,Seed
562,August,ChefKart,2020.0,Gurugram,Consumer Goods,"Lead Angels, Titan Capital, Pravega Ventures",300000,Pre-seed
563,August,Fashinza,2020.0,Gurugram,Apparel & Fashion,"Accel Partners, Elevation Capital",20000000,Series A
564,August,Fabheads,2015.0,Chennai,Industrial Automation,"Inflection Point Ventures, Rockstud Capital, FirstPort Capital, Bliss Flow Investments Pvt Ltd",undisclosed,Pre-series A
565,August,QuickShift,2016.0,Pune,Logistics & Supply Chain,"Anicut Angel Fund, Axilor Ventures",770000,Seed
567,August,MedPrime Technologies,2014.0,Thane,Healthcare,"Mumbai Angels Network, Social Alpha",undisclosed,Seed
568,August,infra.market,2016.0,Thane,Construction,Tiger Global,125000000,Series C
569,July,SP Robotic Works,2012.0,Chennai,EdTech,Mount Judi India Growth Fund,3000000,Series A
570,July,3SC,2018.0,Gurugram,Logistics,GEF Capital’s South Asia Fund,15000000,Series B
571,July,Chai Waale,2018.0,Chennai,Food & Beverages,"Sunil Sethia, Sunil Kumar Singhvi, Manish Mardia",600000,Pre-series B
572,July,Minimalist,2020.0,Jaipur,Cosmetics,Sequoia Capital,10000000,Series A
573,July,Biconomy,2019.0,New Delhi,Blockchain,"Mechanism Capital, DACM",9000000,Pre-series B
574,July,Fixcraft,2018.0,Gurugram,Automotive,,1000000,Pre-series A
576,July,90+ My Tuition App,2015.0,Bangalore,EdTech,Pearl Investment LLC,5000000,Series A
577,July,Wasabi,2021.0,Bangalore,Consulting,"021 Capital, Sparrow Capital",1800000,Seed
578,July,Strata,2019.0,Bangalore,Real Estate,"Kotak Investment Advisors Limited, Gruhas Proptech",6000000,Series A
579,July,Ourbetterplanet,2020.0,Bangalore,E-commerce,VANS Group,300000,Seed
580,July,Murf.ai,2020.0,Bangalore,SaaS startup,Elevation Capital,1500000,Seed
581,July,JetSynthesys,2014.0,Pune,Media,Sachin Tendulkar,2000000,Pre-series B
582,July,MYFITNESS,2019.0,Silvassa,Fitness,9Unicorns,1000000,Seed
583,July,I am Love,2020.0,Mumbai,Healthcare,Xentel Investments,4000000,Seed
584,July,MyGlamm,2015.0,Mumbai,D2C,Accel Partners,40000000,Pre-series B
585,July,Gumlet,2019.0,Bangalore,IT,Sequoia’s Surge,1600000,Pre-series B
586,July,Eloelo,2015.0,Bangalore,Gaming,"Waterbridge, Lumikai",2000000,Pre-series A
587,July,Edukemy,2020.0,Noida,EdTech,"Auxano, Falcon5",2000000,Pre-series A
588,July,Zingbus,2019.0,Gurugram,Mobility,Infoedge ventures,5000000,Pre-series A
589,July,NewsReach,2018.0,Ahmedabad,Media,JITO Angel Network,300000,Seed
590,July,Pencilton,2017.0,Hyderabad,FinTech,Jupiter,330000,Pre-seed
591,July,Bandhoo,2020.0,Gurugram,IT,Unitus Ventures,1000000,Pre-series B
592,July,ixigo,2007.0,Gurugram,IT,"GIC, Infoedge",53000000,Pre-series B
594,July,Insane AI,2021.0,Bangalore,Fitness,pi Ventures,800000,Seed
595,July,Learn4o Technology,2020.0,Jaipur,E-learning,IAN,undisclosed,Seed
596,July,Droom,2014.0,Gurugram,Automobile,,200000000,Pre-series B
597,July,Skymet,2003.0,Noida,Environmental Services,"Northern Arc, Caspian Impact Investments",1000000,Pre-series B
598,July,Go Swift,2019.0,Bangalore,Consumer Services,Kalaari Capital,2000000,Pre-series A
601,July,Keeros,2017.0,Lucknow,Food & Beverages,Venture Catalysts,Undisclosed,Pre-series A
602,July,ReDesyn,2016.0,Mumbai,Merchandise,Anthill Ventures,300000,Pre-series A
604,July,Knorish,2016.0,Gurugram,EdTech,"Inflection Point Ventures, Rockstud Capital, Pentathlon Ventures, Prophetic Ventures syndicate",1000000,Pre-series A
605,July,Dozee,2015.0,Bangalore,Healthcare,Prime VP,5000000,Series A
606,July,BlackBuck,2015.0,Bangalore,Logistics & Supply Chain,"Tribe Capital, IFC Emerging Asia Fund, VEF",67000000,Series C
607,July,Mailmodo,2020.0,Bangalore,Marketing & Advertising,"Sequoia’s Surge, Y Combinator",2000000,Seed
608,July,SuperBeings,2019.0,Bangalore,Computer software,Endiya Partners,Undisclosed,Seed
610,July,Hyreo,2016.0,Thiruvananthapuram,Human Resources,Callapina Capital,Undisclosed,Pre-series A
612,July,Even,2020.0,Bangalore,Healthcare,Khosla Ventures,5000000,Seed
614,July,Otipy,2020.0,Gurugram,Food & Beverages,"Omidyar Network India, Innoven Capital",10200000,Series A
615,July,Lenskart,2008.0,Faridabad,Eyewear,"Temasek, Falcon Edge",220000000,Pre-series B
616,July,Eka.care,2020.0,Bangalore,Healthcare,"Deep Kalra, Ashish Kashyap, Rajesh Magow",4500000,Pre-series B
617,July,Braingroom,2015.0,Chennai,EdTech,"IAN, Social Alpha, Startup Oasis",200000,Pre-series B
618,July,Edvizo,2017.0,Bangalore,Consumer Services,Inflection Point Ventures,1000000,Pre-series A
619,July,Credenc,2017.0,New Delhi,FinTech,Capital India,25000000,Pre-series B
622,July,Mynvax,2017.0,Bangalore,Biotechnology,"Accel, LetsVenture, 1Crowd",4000000,Series A
624,July,Uvi Health,2020.0,Bangalore,Healthcare,Titan Capital,330000,Pre-seed
625,July,Vegrow,2020.0,Bangalore,Farming,"Lightspeed Venture Partners, Elevation Capital",13000000,Pre-series B
626,July,Automovill,2015.0,Bangalore,Automotive,Mumbai Angels Network,500000,Pre-series B
629,July,GalaxyCard,2017.0,Gurugram,FinTech,JITO Angel Network,450000,Pre-series B
631,July,SmartCoin,2016.0,Bangalore,FinTech,"Northern Arc, Vivriti Capital",10000000,Pre-series B
632,July,CareerNinja,2017.0,Mumbai,EdTech,Unitus Ventures,Undisclosed,Seed
633,July,MYSUN,2016.0,New Delhi,Solar,TATA Cleantech Capital,2000000,Pre-series B
634,July,Sea6 Energy,2010.0,Bangalore,Biotechnology,Aqua-Spark,9000000,Series B
635,July,Beco,2018.0,Mumbai,Consumer Goods,Climate Angels Fund,500000,Seed
636,July,OneCode,2020.0,Bangalore,Internet,"Sequoia’s Surge, Nexus Venture Partners",5000000,Pre-series B
637,July,MedPay,2020.0,Bangalore,Information Technology,"Entrepreneur First (EF), GrowX Ventures",1200000,Seed
638,July,Inshorts,2013.0,Noida,Internet,Vy Capital,60000000,Pre-series B
639,July,Digantara,2018.0,Bangalore,SpaceTech,Kalaari Capital,2500000,Seed
640,July,Aqgromalin,2018.0,Chennai,AgriTech,Zephyr Peacock,700000,Seed
641,July,Square Yards,2014.0,Gurugram,Real Estate,ADM Capital,25000000,Pre-series B
644,July,NirogGyan,2019.0,Gurugram,Healthcare,"Healthcare veterans, PIEDS",Undisclosed,Seed
646,July,Bikry app,2019.0,Noida,Consumer software,YCombinator,1300000,Pre-series B
647,July,Oliveboard,2012.0,Bangalore,EdTech,IAN Fund,3000000,Pre-series B
648,July,Little Leap,2020.0,New Delhi,EdTech,"Vishal Gupta , ah! Ventures",300000,
650,July,Kredent,2008.0,Kolkata,EdTech,Kotak Securities,1000000,Pre-series B
651,July,EasyAspataal,2020.0,Mumbai,Healthcare,Venture Catalysts,500000,Seed
653,July,Pankhuri,2019.0,Bangalore,Social community,Sequoia’s Surge,3200000,Pre-series B
655,July,AdmitKard,2016.0,Noida,EdTech,,1000000,Pre-series A
657,July,Aquaconnect,2017.0,Chennai,Fishery,"Rebright Partners, Flourish Ventures",4000000,Pre-series A
659,July,LetsDressUp,2019.0,Gurugram,Apparel & Fashion,"Titan Capital, Sequoia Capital",300000,Pre-series A
661,July,BHyve,2020.0,Mumbai,Human Resources,"Omkar Pandharkame, Ketaki Ogale , ITO Angel Network, LetsVenture",300000,
662,July,Indi Energy,2019.0,Roorkee,Renewables & Environment,Mumbai Angels Network,Undisclosed,Seed
664,July,Pratilipi,2015.0,Bangalore,Online storytelling,"Krafton Inc, Omidyar",48000000,Pre-series B
666,July,peAR,2018.0,Mumbai,Deeptech,Inflection Point Ventures,300000,Pre-series A
667,July,Gourmet Garden,2019.0,Bangalore,Farming,"Beyond Next Ventures, M Venture Partners",3000000,Pre-series B
668,July,The Sleep Company,2019.0,Mumbai,Consumer Goods,Fireside Ventures,1000000,Pre-series A
669,July,TyrePlex,2020.0,New Delhi,B2B E-commerce,AdvantEdge Founders,Undisclosed,Seed
670,July,ION Energy,2016.0,Mumbai,Automotive,,3600000,Pre-series A
671,July,Digit Insurance,2016.0,Bangalore,Insuretech,"Faering Capital, Sequoia Capital India, IIFL Alternate Asset Managers",200000000,Pre-series B
672,July,FRAAZO,2020.0,Mumbai,Food & Beverages,"Sixth Sense Ventures, NABVENTURES",11000000,Series A
674,July,WinZO,2018.0,New Delhi,Gaming,Griffin Gaming Partners,65000000,Series C
675,July,Furlenco,2012.0,Bangalore,Consumer Goods,Zinnia Global,100000000,Pre-series B
676,July,Skylark Drones,2014.0,Bangalore,Aviation,"InfoEdge Ventures, IAN Fund",3000000,Pre-series A
677,July,Leegality,2016.0,Gurugram,IT company,"IIFL, Mumbai Angels",Undisclosed,Pre-series A
679,July,TWID,2020.0,Bangalore,FinTech,"BEENEXT, Sequoia’s Surge",2500000,Pre-series B
680,July,PeakPerformer,2020.0,Bangalore,EdTech,Antler India,Undisclosed,Pre-seed
681,July,MyMobiForce,2018.0,Noida,Internet,Bharat Inclusion,1400000,Pre-series A
683,July,Genworks Health,2015.0,Bangalore,Healthcare,Blacksoil,2000000,Pre-series B
685,July,Neverinstall,2019.0,Bangalore,Information Technology,Speciale Invest,370000,Seed
687,July,BeatO,2015.0,New Delhi,Healthcare,W Health Ventures,5000000,Pre-series B
688,July,Earth Rhythm,2020.0,Gurugram,Cosmetics,Anicut Angel Fund,1200000,Seed
690,July,Rockclimber,2019.0,Bangalore,Food & Beverages,Anand Prakash Sharma,1000000,Pre-series B
691,July,SpEd@home,2020.0,Mumbai,EdTech,,300000,Pre-series B
693,July,Green Soul,2016.0,Ambernath,Consumer Goods,https://velocity.in/,200000,Pre-series B
694,July,Shiprocket,2012.0,New Delhi,Logistics,"March Capital, Tribe Capital",41000000,Series C
695,July,DealShare,2018.0,Bangalore,Retail,Tiger Global,144000000,Pre-series B
697,July,Vahak,2017.0,Bangalore,Transportation,RTP Global,5000000,Pre-series A
698,July,goSTOPS,2014.0,New Delhi,Hospitality,"IAN, Yuj Ventures",1000000,Pre-series A
701,July,Powerplay,2020.0,Bangalore,Construction,"Sequoia’s Surge, Accel Partners",5200000,Pre-series B
704,June,Avishkaar,2014.0,New Delhi,EdTech,Auxano,600000,Pre-series A
705,June,Jobsgaar,2020.0,New Delhi,Job discovery platform,SucSEED Indovation Fund,140000,Seed
706,June,Almo,2020.0,Gurugram,D2C Fashion,Angelist India,Undisclosed,Seed
708,June,GalaxEye,2020.0,Chennai,SpaceTech,Speciale Invest,Undisclosed,Pre-seed
709,June,Good Health Clinic,2021.0,Hyderabad,HealthCare,Khosla Ventures,5000000,Pre-series B
710,June,Urban Company,2014.0,New Delhi,Home services,"Vy Capital, Wellington Management",250000000,Series C
711,June,MYBYK,2014.0,Ahmadabad,Rental,Avon Cycles,1000000,Pre-series A
712,June,Locus,2015.0,Bangalore,Logistics,"Blume Ventures, Exfinity Venture Partners",50000000,Series C
713,June,Crejo.Fun,2020.0,Bangalore,EdTech,"Matrix Partners India, 021 Capital",3000000,Seed
714,June,Bambinos,2020.0,Bangalore,EdTech,"HNIs, Angels",500000,Seed
715,June,KreditBee,2018.0,Bangalore,FinTech,"NewQuest Capital Partners, Motilal Oswal Private Equity",8000000,Pre-series B
719,June,Fable Fintech,2015.0,Mumbai,FinTech,Paytm,Undisclosed,Series A
720,June,Holisol,2009.0,New Delhi,Logistics,"BlackSoil, CLSA Capital Partners",3000000,Pre-series B
721,June,Now&Me,2018.0,New Delhi,HealthCare,"Saama, Whiteboard Capital",1000000,Pre-series B
722,June,Fyllo,2019.0,Bangalore,AgriTech,"Indian Angel Network, Titan Capital, Lead Angels",400000,Seed
724,June,Blaer Motors,2014.0,Chennai,Mobility,The Chennai Angels,300000,Pre-series B
725,June,Swiflearn,2019.0,Gurugram,EdTech,"Venture Highway, Stellaris Venture Partners",3000000,Pre-series A
727,June,QuickSell,2017.0,Mumbai,E-commerce,"Sanjay Baldwa, Ajay Jain",2000000,Pre-series A
733,June,IntelleWings,2019.0,Panchkula,IT startup,,100000,Seed
734,June,Shyplite,2016.0,New Delhi,Logistics,N+1 Capital,1000000,Pre-series B
735,June,Refyne,2020.0,Bangalore,FinTech,"DST Global, RTP Global",20000000,Series A
736,June,Greenjoules,2018.0,Pune,Renewable Energy,Blue Ashva Capital,4500000,Series A
739,June,Kale Logistics,2010.0,Thane,Logistics,Inflexor Ventures,5000000,Series A
740,June,CustomerGlu,2016.0,Bangalore,CRM,"Kumar Aakash, Amit Singhal",320000,Pre-series B
741,June,Cell Propulsion,2016.0,Bangalore,EV startup,growX ventures,2000000,Pre-series B
743,June,Pee Safe,2013.0,Gurugram,HealthCare,"Shaival Desai, Alkemi Venture Partners",3000000,Pre-series B
745,June,SimpliContract,2020.0,Bangalore,Software,Kalaari Capital,1800000,Seed
746,June,Dropshop,2019.0,Bangalore,Logistics,Inflection Point Ventures,1000000,Pre-series A
749,June,Power Gummies,2018.0,New Delhi,Nutrition,"Venture Catalysts, 9unicorns",1000000,Pre-series B
750,June,Convosight,2019.0,New Delhi,SaaS startup,Qualgro,9000000,Series A
751,June,Junio,2020.0,New Delhi,FinTech,"Amit Lakhotia, Pravin Jadhav",600000,Seed
752,June,Wherehouse.io,2020.0,New Delhi,Logistics,Better Capital,Undisclosed,Seed
753,June,Flexmoney,2015.0,Mumbai,FinTech,Pravega Ventures,4800000,Series A
754,June,Fampay,2019.0,Bangalore,FinTech,"Greenoaks Capital, Elevation Capital",38000000,Series A
756,June,XYXX Apparels,2017.0,Surat,Fashion,https://sauce.vc/,4000000,Series A
758,June,BrowserStack,2011.0,Mumbai,SaaS startup,Accel,200000000,Series B
759,June,Vital,2018.0,New Delhi,Insuretech,BLinC Invest,3000000,Pre-series A
761,June,Samaaro,2020.0,Bangalore,SaaS startup,"Chaitanya Kalipatnapu, Kedar Gavane",125000,Pre-series B
763,June,MSMEx,2019.0,Andheri,EdTech,"TNF Ventures, Razorpay",1000000,Pre-series A
765,June,saarthi.ai,2017.0,Bangalore,AI startup,Nvidia Inception,Undisclosed,Seed
766,June,Kutumb,2020.0,Bangalore,Community platform,"Tiger Global Management, DST Global",26000000,Series A
767,June,Superplum,2019.0,Noida,AgriTech,Marquee investors,3800000,Pre-series A
768,June,Upside AI,2017.0,Mumbai,FinTech,Endiya Partners,1200000,Seed
771,June,Skillmatics,2016.0,Mumbai,EdTech,Sequoia Capital India,6000000,Series A
772,June,Bimaplan,2020.0,Bangalore,Insuretech,"Roshan Abbas, Ritesh Malik",2500000,Pre-series A
773,June,Bueno Finance,2019.0,Gurugram,FinTech,"Goat Capital, JAM Fund",3000000,Seed
775,June,BYJU’S,2011.0,Bangalore,EdTech,"Blackstone Group, ADQ",50000000,Pre-series B
776,June,India Quotient,2012.0,Mumbai,Venture capitalist,,64000000,Pre-series B
777,June,The Switch Fix,2019.0,Gurugram,HealthCare,"Venture Catalysts, 9Unicorns",Undisclosed,Seed
778,June,Anvidha Technologies,2020.0,Haryana,Tech Startup,,1500000,Seed
779,June,DigiSparsh,2020.0,Mumbai,FinTech,GoAhead Ventures,Undisclosed,Seed
780,June,CoffeeMug.ai,2020.0,New Delhi,Networking,"Paradigm Shift Capital, AngelList India",620000,Pre-seed
781,June,Pathfndr.io,2015.0,Bangalore,SaaS startup,Arali Ventures,Undisclosed,Pre-series A
782,June,BigLeap,2015.0,Hyderabad,Recruitment,Anup Kumar Yama,600000,Pre-series B
783,June,Kazam,2020.0,Bangalore,EV startup,Inflection Point Ventures,900000,Seed
784,June,MYRE Capital,2020.0,Mumbai,Commercial Real Estate,Aryaman Vir,6000000,
785,June,BimaPe,2020.0,Mumbai,FinTech,"iSeed, Titan Capital",500000,Pre-seed
787,June,Saarthi Pedagogy,2015.0,Ahmadabad,EdTech,"Sushil Agarwal, JITO Angel Network, LetsVenture",1000000,
788,June,Synapsica,2017.0,New Delhi,HealthCare,"IvyCap Ventures, Endiya Partners",4000000,Series A
789,June,Kwik Foods,2020.0,Gurugram,Food & Beverages,9Unicorns,Undisclosed,Seed
790,June,Plutomen,2016.0,Ahmadabad,AR startup,"GUSEC Seed Fund, DeVX Venture Fund",300000,Pre-series B
791,June,GoMechanic,2016.0,Gurugram,Automotive,"Tiger Global, Sequoia",42000000,Series C
792,June,Grinntech,2013.0,Chennai,Automotive,,2000000,Pre-series B
793,June,Nobel Hygiene,1999.0,Mumbai,Healthcare,Quadria Capital,60000000,Pre-series B
794,June,Green Cure,2015.0,New Delhi,Healthcare,Venture Catalysts,Undisclosed,Pre-series A
795,June,Classplus,2017.0,Noida,EdTech,Tiger Global,65000000,Series C
796,June,WINDO,2020.0,Hyderabad,E-commerce,Unicorn India Ventures,500000,Seed
797,June,ApnaKlub,2020.0,Bangalore,E-commerce,"Blume Ventures, Whiteboard Capital",Undisclosed,Pre-series A
801,June,GoBolt,2015.0,Gurugram,Logistics,"Paragon Partners, Aavishkaar Capital",20000000,Series B
802,June,Loco,2018.0,Bangalore,Gaming,"Krafton, Lumikai",9000000,Seed
803,June,Auric,2017.0,New Delhi,Healthcare,Venture Catalysts,2000000,Pre-series A
804,June,Edmingle,2016.0,Bangalore,EdTech,"Indovation Fund, Mumbai Angels",300000,Pre-series B
806,June,Humit,2020.0,Bangalore,Music,Antler India,Undisclosed,Pre-seed
807,June,Airblack,2019.0,Gurugram,IT startup,"Edge Ventures, Elevation Capital",5200000,Series A
809,June,Intervue,2021.0,New Delhi,SaaS startup,"Titan Capital, Kunal Shah",Undisclosed,Seed
810,June,Nestroots,2016.0,Gurugram,Fashion,We Founder Circle,100000,Seed
811,June,Detect Technologies,2016.0,Chennai,Automation,"Accel Partners, Elevation Capital",12000000,Pre-series B
812,June,CredR,2015.0,Bangalore,Automotive,"Yamaha Motors, Omidyar Network India, Eight Roads Ventures",6500000,Pre-series B
813,June,Fourth Partner Energy,2010.0,Hyderabad,Solar,"Norfund, The Rise Fund",125000000,Pre-series B
814,June,TABLT,2018.0,Kolkata,Healthcare,Siti Cable,3000000,Pre-series A
815,June,Hesa,2020.0,Hyderabad,IT startup,"Venture Catalysts, 9Unicorns",2000000,Seed
816,June,Powerhouse91,2020.0,Gurugram,Consumer goods,Crossbeam Venture Partners,Undisclosed,Seed
817,June,Nalanda Learning,2011.0,Kolkata,EdTech,Aavishkaar Capital,5000000,Pre-series B
818,June,Chargeup,2019.0,New Delhi,Renewable Energy,Mapmyindia,Undisclosed,Pre-series A
819,June,Knackit,2019.0,Bangalore,IT startup,Jyoti Bansal,100000,Pre-series B
820,June,Treebo Hotels,2015.0,Bangalore,Hospitality,Accor,16000000,Series C
821,June,Raptee Energy,2019.0,Chennai,Automotive,,700000,Pre-series B
822,June,Meddo,2018.0,Gurugram,Healthcare,"SRI Capital, Picus Capital, Alkemi Capital",6000000,Pre-series B
825,May,ParkSmart,2018.0,New Delhi,Automotive,"Shireen Rangaswamy, Dilesh Gathani",Undisclosed,Seed
826,May,Virohan,2018.0,Gurugram,EdTech,"Rebright Partners, Wadhwani Foundation",3000000,Series A
828,May,Spark Studio,2020.0,Bangalore,EdTech,Better Capital,Undisclosed,Seed
829,May,BlissClub,2020.0,Bangalore,Fashion ,Elevation Capital,2000000,Seed
830,May,BricSpaces,2018.0,Bangalore,Real estate,Angel investors,350000,Pre-seed
831,May,ANSR,2008.0,Bangalore,Consulting,"Sistema Asia Capital, Evolvence India Fund",15000000,Series B
832,May,Keito,2016.0,Pune,AI company,"Rajesh Agarwal, Nandkishore Mundada",Undisclosed,Seed
833,May,Reccy Adventures,2019.0,Gurugram,Sports startup,"Kallol Banerjee, Jaydeep Barman",400000,Seed
834,May,Magenta EV,2017.0,Mumbai,Renewable Energy,"JITO Angel Network, LetsVenture",15000000,Series A
836,May,Wysa,2015.0,Bangalore,AI company,"W Health Ventures, Pi Ventures",5000000,Series A
837,May,Agnikul,2017.0,Chennai,SpaceTech,"Artha India Ventures, Sriram Krishnan",11000000,Series A
839,May,Glamplus,2020.0,Bangalore,SaaS startup,Inflection Point Ventures,200000,Pre-series A
840,May,Tekie,2017.0,Gurugram,EdTech,"GSV, Multiply Ventures",1500000,Seed
841,May,Asirvad Microfinance,2007.0,Chennai,FinTech,"WorldBusiness Capital, Northern Arc",15000000,Pre-series B
842,May,Avalon Labs,2017.0,Bangalore,FinTech,"Tanglin Ventures, Better Capital, Whiteboard Capital",Undisclosed,Pre-series A
843,May,Betterhalf.ai,2016.0,Bangalore,Matrimony,"Y Combinator, Rehan A Khan",3000000,Pre-series A
844,May,Koo,2020.0,Bangalore,Social Media,"Balaji Srinivasan, Naval Ravikant",30000000,Series B
845,May,Rezo.ai,2017.0,Noida,AI startup,"Devesh Sachdev, Bhavesh Manglani",Undisclosed,Seed
846,May,Mentoria,2015.0,Mumbai,EdTech,"Pradeep K Jaisingh, Jayant Mehrotra",200000,Pre-series A
847,May,Cuvette Tech,2020.0,Bangalore,Human Resources,"Varun Alagh, Harish Daiya",1800000,Seed
848,May,Clensta,2016.0,New Delhi,BioTechnology,"IAN Fund, World Startup Factory",600000,Pre-series B
850,May,Kodo Card,2019.0,Mumbai,FinTech,"Brex, Y-Combinator",8000000,Seed
852,May,Get My Parking,2015.0,New Delhi,Mobility,"IvyCap Ventures, IAN Fund",6000000,Pre-series B
853,May,Cellestial,2019.0,Hyderabad,Electronics,"Gurj Aujla, Ashik K",500000,Pre-series A
854,May,FanCode,2019.0,Mumbai,Sports startup,Dream Sports,50000000,Pre-series B
855,May,Jai Kisan,2017.0,Mumbai,FinTech,"The Chatterjee Group, Prophetic Ventures",30000000,Series A
856,May,Plum,2019.0,Bangalore,HealthCare,"Harsh Jain, Lalit Keshre",15000000,Series A
857,May,ThatMate,2019.0,Satara,HealthCare,"Supriya Kumari, Premanshu Singh",140000,Pre-series B
858,May,Klassroom,2016.0,Mumbai,EdTech,ah! Ventures,200000,Pre-series A
859,May,Convin,2019.0,Bangalore,SaaS startup,"9Unicorns Accelerator Fund, Sunder Nookala",300000,Pre-seed
860,May,Mensa Brands,2021.0,Bangalore,Clothing,"Accel Partners, Falcon Edge Capital, Norwest Venture Partners",50000000,Series A
861,May,Disruptium,2021.0,Ahmadabad,Consulting,Pravesh Mehta,200000,Pre-series B
862,May,MedTel Healthcare,2017.0,Orissia,HealthCare,,5000000,Pre-series A
863,May,Pickright Technologies,2019.0,Bangalore,FinTech,"Gaurav Gupta, Vivek Srivatsav",200000,Pre-series B
864,May,Ingenium,2018.0,New Delhi,EdTech,Lead Angels,Undisclosed,Seed
866,May,RuleZero,2019.0,Bangalore,Tech Startup,"Induslaw, Reddy Futures",1000000,Seed
867,May,Rubix Data Sciences,2018.0,Mumbai,IT startup,,800000,Seed
868,May,Locobuzz,2011.0,Mumbai,Analytics,Yuj Ventures,4000000,Series A
869,May,We Founder Circle,2020.0,Mumbai,FinTech,Geekster,2000000,Pre-seed
870,May,Haqdarshak,2015.0,Jaipur,Finance,"Manish Subramaniam, Upaya Social Ventures",800000,Pre-series A
872,May,Enthu.ai,2020.0,Chandigarh,AI startup,Appit Simple Infotek,200000,Pre-series B
873,May,Myelin Foundry,2019.0,Bangalore,AI startup,Beyond Next Ventures,1000000,Pre-series A
874,May,SuperOps.ai,2020.0,Chennai,AI startup,"Ramakant Sharma, Elevation Capital",3000000,Seed
875,May,6Degree,2014.0,Mumbai,Retail,"Keiretsu Forum, SucSEED Venture Partners",1000000,Pre-series B
877,May,Sarathi,2020.0,Jodhpur,HealthCare,,100000,Seed
878,May,Jidoka Technologies,2018.0,Chennai,Software,,340000,Seed
883,May,Nivesh,2016.0,Noida,FinTech,"Raghav Kapur, Indian Angel Network",1600000,Pre-series A
884,May,Thingsup,2020.0,Pune,IoT platform,GSF Accelerator,1000000,Pre-series B
885,May,Arthya Wealth and Investments,2020.0,Mumbai,FinTech,"Rishi Kumar Bagla, Krishen Lal Khanna",1000000,Pre-series A
888,April,Lead School,2012.0,Mumbai,EdTech,"GSV Ventures, Westbridge Capital",30000000,Series C
890,April,FypMoney,2021.0,Gurugram,FinTech,"Liberatha Kallat, Mukesh Yadav, Dinesh Nagpal",2000000,Seed
892,April,Comofi Medtech,2018.0,Bangalore,HealthTech,"CIIE.CO, KIIT-TBI",200000,Pre-series B
893,April,Qube Health,2016.0,Mumbai,HealthTech,Inflection Point Ventures,Undisclosed,Pre-series A
895,April,Taikee,2010.0,Mumbai,E-commerce ,,1000000,Pre-series B
896,April,Fitterfly,2016.0,Mumbai,HealthTech,"9Unicorns Accelerator Fund, Metaform Ventures",3000000,Pre-series A
897,April,FreeStand,2017.0,New Delhi,B2B service,"SucSEED Indovation, IIM Calcutta Innovation Park",100000,Pre-series B
898,April,MyDentalPlan,2014.0,Bangalore,Helathcare,Safe Planet Medicare,700000,Seed
899,April,Freyr Energy,2014.0,Hyderabad,Renewable Energy,"Impact Partners, C4D Partners",2000000,Pre-series B
901,April,Tessolve,1993.0,Bangalore,Electronics,Novo Tellus Capital,40000000,Pre-series B
902,April,Smart Joules,2014.0,New Delhi,Renewable Energy,"Raintree Family Office, ADB arm",49000000,Pre-series B
903,April,ORAI,2020.0,Bangalore,IT startup,Inflection Point Ventures,400000,Pre-series A
904,April,ixamBee,2016.0,New Delhi,EdTech,"Mumbai Angels, Narendra Shyamsukha",300000,Seed
906,April,Razorpay,2014.0,Bangalore,FinTech,"Matrix Partners India, GIC",160000000,Series C
907,April,Uable,2020.0,Bangalore,EdTech,"Chiratae Ventures, JAFCO Asia",Undisclosed,Seed
909,April,Optimized Electrotech,2017.0,Ahmadabad,Aeorspace,GVFL,1800000,Pre-series A
910,April,Northern Arc,2008.0,Chennai,FinTech,"Kotak Mahindra Bank, FMO",5000000,Pre-series B
911,April,Chara,2019.0,Bangalore,Deep Tech,Kalaari Capital,850000,Seed
914,April,TrulyMadly,2013.0,New Delhi,Dating ,"Gaurav Munjal, Snehil Khanor",2000000,Pre-series A
916,April,Jambox Games,2021.0,Bangalore,Gaming,,1100000,Seed
918,April,SuperK,2019.0,"Small Towns, Andhra Pradesh",Retail,STRIVE VC,800000,Seed
919,April,TagZ Foods,2019.0,Bangalore,Food ,Venture Catalysts,500000,Pre-series A
920,April,Fuel Buddy,2017.0,New Delhi,Oil and Energy,Jaipuria Family Office,1000000,Pre-series B
921,April,M1xchange,2017.0,Gurugram,FinTech,Amazon,10000000,Pre-series B
922,April,Spintly,2017.0,Goa,Tech Startup,Riso Capital,500000,Pre-series B
923,April,EF Polymer,2018.0,Rajsamand,AgriTech,MTG Ventures,200000,Pre-series B
924,April,boAt,2016.0,New Delhi,Electronics,"Qualcomm Ventures, Warburg Pincus",6000000,Pre-series B
925,April,TruNativ,2019.0,Mumbai,Food & Beverages,9Unicorns,Undisclosed,Seed
926,April,iBus,2010.0,Bangalore,Telecommuncation,Morgan Stanley,21000000,Pre-series B
927,April,Puresh Daily,2019.0,Ranchi,Milk startup,"Alfa Ventures, Agility Venture Partners",100000,Seed
928,April,LearnVern,2016.0,Ahmadabad,EdTech,,1000000,Pre-series B
929,April,LimeChat,2020.0,"Faridabad, Haryana",AI Chatbot,"Stellaris Venture Partners, Ramakant Sharma",7500000,Seed
930,April,Dybo,2019.0,Bangalore,IT ,Spanache,100000,Seed
931,April,moEVing,2021.0,Gurugram,Logistics,,1000000,Seed
932,April,WeWork India,2017.0,Bangalore,Hospitality,,26000000,Pre-series B
933,April,Solethreads,2018.0,Gurugram,Fashion ,"DSG Consumer Partners, Saama Capital",1000000,Series A
934,April,Beldara,2018.0,Mumbai,E-commerce ,Hindustan Media Ventures,7400000,Pre-series B
935,April,CredFlow,2020.0,New Delhi,FinTech,"Stellaris Venture Partners, Omidyar Network India, Flourish Ventures",2000000,Seed
936,April,Do Your Thng,2018.0,Gurugram,Marketing,"Angelbay Holdings, Faad Network",1500000,Pre-series B
938,April,Legitquest,2017.0,New Delhi,LegalTech,"WaterBridge Ventures, Info Edge",600000,Pre-series B
939,April,Swiggy,2014.0,Bangalore,Food delivery,"Carmignac, Falcon Edge Capital",800000000,Pre-series B
941,April,PlayShifu,2016.0,Bangalore,EdTech,"Chiratae Ventures, Bharat Innovation Fund",17000000,Series B
942,April,Pitstop,2015.0,Bangalore,Automotive,"Acko Technology, Services, LetsVenture",3500000,Pre-series B
943,April,Lendingkart,1999.0,Gujarat,FinTech,"Bertelsmann India Investments, Fullerton Financial Holdings",15000000,Series B
945,April,Karnival,2015.0,Bangalore,SaaS startup,http://100x.vc/,2500000,Seed
946,April,PharmEasy,2015.0,Mumbai,HealthTech,"TPG Growth, Caisse de Depot et Placement du Quebec",350000000,Series C
947,April,WESS,1989.0,Mumbai,Renewable Energy,Centrum Financial Services,2000000,Seed
948,April,ShopSe,2020.0,Mumbai,FinTech,"Chiratae Ventures, BEENEXT",5500000,Pre-series B
951,April,Groww ,2017.0,Bangalore,FinTech,"Tiger Global Management, Y Combinator Continuity Fund",83000000,Series C
953,April,Kudos,2014.0,Pune,FinTech,Marquee fintech founders,Undisclosed,Pre-series A
955,April,Superpro.ai,2019.0,Bangalore,Video communication,"SOSV, Omphalos Ventures India",3000000,Seed
956,April,ShareChat,2015.0,Bangalore,Social Media,"Twitter Ventures, Pawan Munjal",500000000,Pre-series B
957,April,WiT-ACE,2020.0,Gurugram,Skill development,CitiusTech,1000000,Seed
959,April,Alteria Capital,2018.0,Mumbai,FinTech,,150000000000,Series B
960,April,Safexpay,2017.0,Thane,FinTech,"T Choithrams BVI, Ardor",6000000,Pre-series B
962,April,Speciale Invest,2017.0,Bangalore,FinTech,,10000000,Pre-series B
963,April,Eunimart,2016.0,Hyderabad,E-commerce ,"SucSEED Venture Partners, TMT Connekt",700000,Pre-series A
965,April,CareerLabs,2019.0,Bangalore,EdTech,Global Founders Capital,2200000,Pre-series B
967,April,Zoko,2016.0,Bangalore,Tech Startup,Y Combinator,140000000,Seed
968,April,GetWork,2019.0,Gurugram,Recruitment,Artha Venture Fund,200000,Seed
969,April,Easebuzz,2015.0,Pune,E-commerce ,"Jitendra Gupta, Amrish Rau",4000000,Series A
971,April,DusMinute,2017.0,Bangalore,Retail,Indian Angel Network,1100000,Pre-series A
973,March,SkilloVilla,2020.0,Bangalore,EdTech,Titan Capital,300000,Seed
976,March,Happy Jars,2016.0,New Delhi,Food & Beverages,Inflection Point Ventures,400000,Seed
978,March,ExtraaEdge,2015.0,Pune,MarTech,"9Unicorns Accelerator Fund, Indian Angel Network",1000000,Pre-series A
979,March,Zotalabs,2019.0,Pune,Tech Startup,Alfa Ventures,1250000,Seed
980,March,Voiro,2014.0,Bangalore,Advertisement,1Crowd,1800000,Pre-series A
982,March,Safex Chemicals,1991.0,New Delhi,AgriTech,BanyanTree Finance Pvt. Ltd.,50000000,Pre-series B
985,March,Moneyboxx,1994.0,Mumbai,FinTech,"Ashv Finance, BlackSoil Capital",3000000,Series B
987,March,Janani ,2020.0,Bangalore,Heathcare,"Sweta Rau, 9Unicorns Accelerator Fund",1000000,Seed
990,March,DotPe ,2019.0,Gurugram,FinTech,"PayU, Google",27000000,Series A
993,March,Five Star Finance,1984.0,Chennai,FinTech,"TPG Capital Asia, Epiq Capital",234000000,Pre-series B
994,March,Settlrs,2018.0,Bangalore,Rental space,MaGEHold Pte. Ltd.,Undisclosed,Pre-series A
996,March,Annapurna Finance,2009.0,Bhubaneswar,FinTech,"Asian Development Bank, Oman India Joint Investment Fund",30000000,Pre-series B
997,March,HealthPlix,2014.0,Bangalore,HealthCare,"JSW Ventures, Kalaari Capital",13500000,Series B
998,March,Masai School,2019.0,Bangalore,EdTech,"Unitus Ventures, Omidyar Network India",5000000,Series A
1000,March,IndiaLends,2014.0,New Delhi,FinTech,"ACPI Investments, AdvantEdge Founders",5100000,Pre-series B
1001,March,Stelis Biopharma,2007.0,Bangalore,BioTechnology,"RouteOne, Mankekar Family Office",195000000,Series B
1002,March,Tilt ,2016.0,Bangalore,Bike Rental,Y Combinator,125000,Pre-series B
1003,March,NeoDove,2020.0,Jaipur,AI startup,India Quotient,15000000,Seed
1004,March,Zaara Biotech,2016.0,Kottayam,BioTechnology,TCN International Commerce,10000000,Pre-series B
1007,March,Muvin,2020.0,Bangalore,FinTech,,1000000,Seed
1010,March,Jeevam Health,2020.0,New Delhi,Health care,Y Combinator,1500000,Pre-seed
1011,March,NewLink Group,2016.0,Beijing,Tech Startup,Bain Capital,200000000,Pre-series B
1012,March,OZiva,2016.0,Mumbai,Heathcare,"F-Prime Capital, Eight Roads Ventures India",12000000,Series B
1013,March,Blive,2004.0,Panaji,Tourism,"Mumbai Angels, DNA Entertainment Networks",1000000,Pre-series A
1014,March,Nazara Technologies,2000.0,Mumbai,Gaming,"Hornbill Capital Advisers, Plutus Wealth Management",30000000,Pre-series B
1015,March,Euler Motors,2018.0,New Delhi,Automotive,"ADB Ventures, Jetty Ventures",2600000,Series A
1017,March,Prescinto,2016.0,Gujarat,Solar ,"Venture Catalysts, 9Unicorns Accelerator Fund",3500000,Seed
1020,March,Policybazaar,2008.0,Gurugram,Insurance,"Falcon Edge Capital, White Oak Global Advisors",75000000,Pre-series B
1021,March,Livve Homes,2017.0,Bangalore,Rental space,Angel investors,5000000,Pre-series B
1022,March,Juicy Chemistry,2014.0,Coimbatore,Healthcare,Akya Ventures,6300000,Series A
1023,March,Svasti Microfinance,2008.0,Mumbai,FinTech,"Kayenne Ventures, Nordic Microfinance Initiative",4000000,Pre-series B
1024,March,Nexprt,2020.0,New Delhi,Consulting,Titan Capital,2000000,Pre-series B
1026,March,Ankur capital,2011.0,Mumbai,FinTech,,40000000,Pre-series B
1028,March,Firmway,2016.0,Mumbai,FinTech,,Undisclosed,Pre-seed
1029,March,Say Cheese,2020.0,Mumbai,FemTech ,,1000000,Seed
1030,March,Indic Inspirations,2019.0,Pune,Cultural,Marquee investors,300000,Pre-series B
1032,March,YAP,2014.0,Chennai,FinTech,"Jitendra Gupta, Better Capital",10000000,Series B
1034,March,BlackSoil NBFC,2010.0,Mumbai,FinTech,,3000000,Pre-series B
1036,March,Max Healthcare,2000.0,New Delhi,Healthcare,"Radiant Life Care Private Ltd, Life Healthcare",140000000,Pre-series B
1037,March,4baseCare,2018.0,Bangalore,HealthTech,"Mount Judi Ventures, growX Ventures, Season Two Ventures",2000000,Pre-series A
1038,March,Ezstays,2019.0,New Delhi,EdTech,Richard Rekhy,400000,Seed
1039,March,Stylework,2017.0,Gurugram,Co-working,Inflection Point Ventures,500000,Pre-series A
1040,March,Kinara Capital,2011.0,Bangalore,FinTech,"GAWA Capital, Gaja Capital",6000000,Pre-series B
1041,March,Riskcovry,2018.0,Bangalore,InsureTech,"Better Capital, Bharat Inclusion Seed Fund",5000000,Series A
1042,March,NODWIN,2012.0,Gurugram,Gaming,Krafton,20000000,Pre-series B
1043,March,Quizizz,2015.0,Bangalore,EdTech,"Eight Roads Ventures India, Nexus Venture Partners",12500000,Series A
1044,March,Ecom Express,2012.0,New Delhi,E-commerce ,"CDC Group, Partners Group",20000000,Pre-series B
1045,March,Turtlemint,2015.0,Mumbai,InsureTech,Jungle Ventures,45000000,Series C
1048,March,Qoohoo,2020.0,Bangalore,Social platform,Angel investors,800000,Seed
1049,March,IGL,2016.0,Mumbai,Gaming,"Hungama, Hindustan Talkies",500000,Pre-series B
1050,March,AMPM,2018.0,Gurugram,E-commerce ,Agility Venture Partners,200000,Pre-series B
1051,March,The ePlane,2016.0,Chennai,Drone,"Speciale Invest, Farid Ahsan",1000000,Seed
1052,March,Cashify,2009.0,Gurugram,E-commerce ,"Bessemer Venture Partners, CDH Investments",15000000,Pre-series B
1057,March,Blume Ventures,2011.0,Mumbai,FinTech,Avendus,40000000,Pre-series B
1058,March,KoineArth,2018.0,Bangalore,Blockchain startup,YourNest,1800000,Pre-series A
1059,March,ImaginXP,2013.0,Pune,EdTech,Venture Catalysts,1500000,Pre-series B
1061,March,Apna.co ,2019.0,Bangalore,Recruitment,"Sequoia Capital India, Rocketship.vc",12500000,Pre-series B
1062,March,ideaForge,2007.0,Mumbai,Drone,"Infosys, Qualcomm Ventures",2000000,Pre-series B
1063,March,Clairco,2018.0,Bangalore,CleanTech,"Real Estate Accelerator Program (REAP), AngelList",500000,Pre-series B
1065,February,Doubtnut,2016.0,Gurugram,EdTech,"Omidyar Network, Tencent Holdings",30000000,Series B
1067,February,Infra.Market ,2016.0,Thane,Construction,"InnoVen Capital, Nexus Venture Partners",100000000,Series C
1070,February,Kutuki,2017.0,Bangalore,EdTech,Omidyar Network India,2000000,Seed
1072,February,Eupheus,2017.0,New Delhi,EdTech,"Yuj Ventures, Sixth Sense Ventures",4000000,Series B
1074,February,Pencil,2019.0,Mumbai,Content publishing,"Inflection Point Ventures, SucSEED Venture Partners",1000000,Pre-series A
1075,February,Aisle,2014.0,Bangalore,Dating,"Anas Rahman Junaid, Vinod Jose",Undisclosed,Pre-series A
1076,February,Marquee Equity,2016.0,Mumbai,FinTech,"Capital One, Arrowroot Capital",3800000,Pre-series B
1077,February,UptimeAI,2016.0,Bangalore,AI startup,YourNest Venture Capital,1500000,Seed
1078,February,WizKlub,2018.0,Bangalore,EdTech,Incubate Fund India,800000,Pre-series A
1081,February,Pariksha,2015.0,Pune,EdTech,"Venture Catalysts, 9Unicorns Accelerator Fund",2000000,Pre-series A
1082,February,Express Stores,2019.0,Gurugram,E-commerce ,"Venture Highway, Rohit Bansal",1000000,Seed
1083,February,Avataar Ventures,2019.0,Bangalore,FinTech,,100000000,Pre-series B
1085,February,Phable,2017.0,Bangalore,HealthTech,"Fresco Capital, Social Starts",12000000,Series A
1087,February,Supply6,2018.0,Bangalore,Helathcare,"Rohit Goutamchand, India CXO Fund",100000,Seed
1088,February,Swajal,2015.0,Gurugram,Water purification,"Rajasthan Venture Capital Fund, ACPL Exports",1600000,Pre-series A
1090,February,Filo,2020.0,New Delhi,EdTech,Better Capital,260000,Pre-seed
1091,February,Method & Madness,2020.0,Mumbai,Real Estate,Justin Mateen,2000000,Seed
1092,February,EduFund,2020.0,Gujarat,FinTech,View Trade Holding Corp,300000,Pre-seed
1093,February,Pepperfry,2011.0,Mumbai,E-commerce ,"InnoVen Capital, Bertelsmann India Investments",30000000,Series B
1094,February,Zingavita,2020.0,Chandigarh,HealthTech,Anicut Angel Fund,400000,Pre-series B
1095,February,Hypd Store,2020.0,New Delhi,Content commerce,ScoopWhoop,Undisclosed,Pre-seed
1097,February,Supersourcing,2020.0,Indore,Software company,"Vijay Shekhar Sharma, Dr Ritesh Malik",200000,Seed
1098,February,AutomataPi,2017.0,Powai ,Automation,Indian Angel Network,400000,Seed
1099,February,Newton School,2019.0,Bangalore,EdTech,"RTP Global, Harshil Mathur",5000000,Series A
1100,February,TenderCuts,2011.0,Chennai,Food Industry,"Paragon Partners, NABVENTURES",15000000,Pre-series B
1102,February,SarvaGram,2019.0,Mumbai,FinTech,Elevation Capital,10000000,Series B
1103,February,Unlu,2020.0,Gurugram,Celebrity Engagement,EXPERT DOJO,1000000,Seed
1104,February,GlobalFair,2020.0,Gurugram,Trading platform,"Saama Capital, India Quotient",2000000,Seed
1105,February,Eduvanz,2016.0,Mumbai,FinTech,"InCred Financial Services, Vivriti Capital, Northern Arc Capital",10000000,Series B
1106,February,OwO,2020.0,Gurugram,E-commerce ,ah! Ventures,200000,Pre-series B
1108,February,ABL Workspaces,2017.0,New Delhi,Hospitality,Wurk,600000,Pre-series A
1110,February,Scentials,2018.0,Mumbai,Personal Care,"Ambiga Subramanian, Goutham Ekollu",6000000,Pre-series B
1111,February,SplashLearn,2018.0,Gurugram,EdTech,"Accel, Owl Ventures",18000000,Series C
1112,February,Maya,2016.0,Bangalore,HealthTech,Rajan Anadan,2200000,Seed
1113,February,GoTo,2020.0,Ghaziabad,Transportation,Jesse Lucas,150000,Pre-series B
1116,February,Remedico,2017.0,Hyderabad,Healthcare,"Venture Catalysts, Tahseen Consulting",500000,Pre-series B
1119,February,YourPhysio,2020.0,Nagpur,HealthTech,"Better Capital, Titan Capital",350000,Pre-seed
1120,February,Aviom Housing Finance,2016.0,New Delhi,FinTech,Gojo & Company,1000000,Series B
1121,February,Hemp Horizons,2017.0,Noida,Cannabis startup,Mumbai Angels,200000,Seed
1124,February,InnerHour,2016.0,Mumbai,Healthcare,"Hitesh Oberoi, Lightbox",5200000,Series A
1125,February,Origo,2010.0,Gurugram,AgriTech,YES Bank,10000000,Series B
1126,February,ExMyB,2018.0,Gurugram,Consulting,Campus Fund,Undisclosed,Seed
1127,January,Elucidata,2015.0,New Delhi,BioTechnology,Hyperplane Venture Capital,5000000,Pre-series A
1128,January,Saveo,2019.0,Bangalore,HealthTech,"Matrix Partners India, RTP Global",4000000,Seed
1129,January,Qin1,2019.0,Noida,EdTech,Venture Catalysts,Undisclosed,Pre-series A
1130,January,DotPe,2019.0,Gurugram,FinTech,"Info Edge, Ruizheng Investment",8000000,Seed
1131,January,Taskmo,2018.0,Bangalore,B2B Marketplace,Quess Corp India,1400000,Pre-series B
1132,January,MasterMentors,2019.0,West Bengal,EdTech,,1500000,Pre-series B
1133,January,KIKO TV,2020.0,Mumbai,E-commerce ,"Sunil Kumar Singhvi, 9Unicorns Accelerator Fund",Undisclosed,Pre-series A
1134,January,Quali55Care,2018.0,Mumbai,Health care,India Accelerator’s Angel Investor Network,Undisclosed,Seed
1137,January,SeeVC,2020.0,New Delhi,Tech Startup,Jimmy Singh,1000000,Seed
1139,January,VenWiz,2020.0,Bangalore,B2B service,"Accel, Nexus Venture",300000,Seed
1140,January,Vista Rooms,2015.0,Mumbai,Hospitality,"Singapore Angel Network, Artha India Ventures",1000000,Pre-series B
1141,January,Makers Hive,2018.0,Hyderabad,Tech Startup,"Starfish Growth Partners, Investpad",9000000,Pre-series B
1142,January,Headfone,2017.0,Bangalore,Social audio ,Hashed,3000000,Seed
1143,January,Zouk,2016.0,Mumbai,Fashion and lifestyle,Titan Capital,Undisclosed,Seed
1145,January,GrowFix,2020.0,Bangalore,FinTech,"Zerodha's Rainmatter Capital, Better Capital",2000000,Seed
1147,January,Dunzo,2015.0,Bangalore,Delivery service,"Lightbox, Evolvence India Fund",40000000,Series C
1148,January,BeyondSkool,2020.0,Mumbai,EdTech,Tomorrow Capital,2000000,Seed
1149,January,Mindler,2015.0,New Delhi,EdTech,"Inflection Point Ventures, DLabs",1000000,Pre-series A
1152,January,Turnip,2020.0,Bangalore,Gaming,Elevation Capital,1600000,Seed
1154,January,Inficold,2015.0,New Delhi,Solar ,Shell Foundation,900000,Pre-series A
1155,January,KIWI,2020.0,New Delhi,TaaS startup,"PointOne Capital, Core91 VC",250000,Seed
1159,January,Udayy,2019.0,Gurgaon,EdTech,Alpha Wave Incubation,2500000,Seed
1160,January,Lohum,2017.0,Noida,EV startup,"Baring Private Equity Partners India, Talbros",7000000,Pre-series B
1161,January,Darwinbox,2015.0,Hyderabad,HR Tech,"Sequoia Capital India, 3one4 Capital",15000000,Pre-series B
1163,January,Samunnati,2014.0,Chennai,AgriTech,"U.S. International Development Finance Corp, responsAbility",10000000,Series B
1165,January,True Elements,2011.0,Pune,Food and Beverages,RP-Sanjiv Goenka Group,1000000,Pre-series B
1167,January,Nao Spirits & Beverages Pvt Ltd,2016.0,New Delhi,Beverages,,2000000,Series A
1168,January,PurpleTutor,2019.0,Mumbai,EdTech,IvyCap Ventures,300000,Seed
1169,January,Karkhana.io ,2018.0,Mumbai,Manufacturing startup,Zone Startups In,1500000,Seed
1170,January,SSA Finserv,2019.0,Mumbai,FinTech,Blue Ashva Capital,3000000,Pre-series B
1172,January,Paperfly,2016.0,Bangalore,E-commerce ,Ecom Express,11000000,Pre-series B
1173,January,Infra.Market,2016.0,Thane,E-commerce ,InnoVen Capital,6000000,Series B
1174,January,ReadyAssist,2018.0,Bangalore,Vehicle repair startup,Satish Grampurohit,1000000,Seed
1177,January,Ergos,2012.0,Samsitpur,AgriTech,"CDC Group, Aavishkaar Venture Capital",3000000,Series A
1179,January,Wright Research,2019.0,Mumbai,Advisory firm,"Ajat Hukkoo, Piyush Chaplot",Undisclosed,Pre-seed
1184,January,Phi Commerce,2015.0,Pune,FinTech,"Yatra Angel Network, BEENEXT",4000000,Series A
1187,January,Finsall,2019.0,Bangalore,Insuretech,Unicorn India Ventures,300000,Seed
1188,January,Legalwiz.in ,2015.0,Ahmedabad,Legaltech,ContCentric,500000,Pre-series B
1190,January,Cred,2018.0,Bangalore,FinTech,"DST Global, General Catalyst",81000000,Series C
1191,January,Devic Earth,2018.0,Bangalore,Pollution control equiptment,Blue Ashva Capital,1000000,Pre-series B
1192,January,Zerone,2018.0,Gurgaon,FinTech,Anthill Ventures,1300000,Pre-series A
1194,January,Pocket Aces,2013.0,Mumbai,Media,"3one4 Capital, DSP Group",2000000,Pre-series B
1195,January,Kyt,2020.0,Bangalore,EdTech,Alpha Wave Incubation,5000000,Series A
1196,January,iMumz,2019.0,Bangalore,Healthcare,"Enzia Ventures, AngelList",300000,Pre-series B
1198,January,CropIn,2010.0,Bangalore,AgriTech,"Invested Development, Pratithi Investment Trust",20000000,Series C
1199,January,Udaan,2016.0,Bangalore,E-commerce ,"Octahedron Capital, Moonstone Capital",280000000,Pre-series B
1201,January,Oyo,2012.0,Gurgaon,Hospitality,Hindustan Media Venture,7000000,Series C
1202,January,Agri10x,2018.0,Pune,AgriTech,Omnivore,Undisclosed,Seed
1203,January,BlackSoil,2016.0,Mumbai,FinTech,Awign Enterprises,4000000,Pre-series B
1204,January,HobSpace,2019.0,Mumbai,EdTech,"Siddharth Bhaskar Shah, Upsparks",100000,Pre-series A
1205,January,DcodeAI,2020.0,New Delhi,EdTech,S Chand,500000,Pre-series B
1206,January,Biocon Biologics,1978.0,Bangalore,BioTechnology,"Goldman Sachs, Tata Capital",70000000,Pre-series B
1207,January,KiranaKart,2020.0,Mumbai,E-commerce ,Global Founders Capital,720000,Pre-seed
